timeOnIce,assists,goals,pim,shots,games,hits,powerPlayGoals,powerPlayPoints,powerPlayTimeOnIce,evenTimeOnIce,penaltyMinutes,shotPct,gameWinningGoals,overTimeGoals,shortHandedGoals,shortHandedPoints,shortHandedTimeOnIce,blocked,plusMinus,points,shifts,timeOnIcePerGame,evenTimeOnIcePerGame,shortHandedTimeOnIcePerGame,powerPlayTimeOnIcePerGame,fullName
2457:40,44,18,133,241,96,168,11,28,360:50,1920:46,133,7.5,2,1,0,0,176:04,171,1,62,3002,25:36,20:00,01:50,03:45,P.K. Subban
590:21,6,6,20,65,40,84,2,3,99:36,489:30,20,70.0,9.2,1,0,0,0,01:15,11,-7,12,866,14:45,12:14,00:01,02:29,Tomas Tatar
1136:13,17,8,48,159,54,84,3,10,130:02,977:09,48,5.0,2,0,0,0,29:02,62,6,25,1453,21:02,18:05,00:32,02:24,Dougie Hamilton
81:32,2,1,0,12,7,4,0,0,01:35,72:20,0,66.7,8.3,1,0,0,1,07:37,4,-1,3,126,11:38,10:20,01:05,00:13,Brian Flynn
77:20,0,0,12,12,4,5,0,0,08:20,67:58,12,0.0,0,0,0,0,01:02,1,-1,0,102,19:20,16:59,00:15,02:05,Damon Severson
190:56,4,2,2,24,14,18,1,3,21:26,166:53,2,33.3,8.3,1,0,0,0,02:37,3,-2,6,281,13:38,11:55,00:11,01:31,Andreas Johnsson
48:46,0,0,14,6,5,4,0,0,00:09,48:37,14,0.0,0,0,0,0,00:00,0,-1,0,72,09:45,09:43,00:00,00:01,Miles Wood
488:01,7,2,16,48,25,43,0,0,01:25,408:53,16,4.2,0,0,0,1,77:43,64,14,9,623,19:31,16:21,03:06,00:03,Ryan Graves
161:21,0,0,2,6,11,21,0,0,00:38,143:04,2,0.0,0,0,0,0,17:39,14,-7,0,217,14:40,13:00,01:36,00:03,Jonas Siegenthaler
76:45,0,0,6,5,5,6,0,0,05:25,60:14,6,35.6,0.0,0,0,0,0,11:06,5,-1,0,108,15:21,12:02,02:13,01:05,Pavel Zacha
16:00,0,0,0,4,1,0,0,0,00:44,14:41,0,0.0,0,0,0,0,00:35,1,0,0,20,16:00,14:41,00:35,00:44,Jesper Bratt
82:44,0,1,0,6,5,9,0,0,11:04,70:33,0,52.9,16.7,0,0,0,0,01:07,2,-4,1,124,16:32,14:06,00:13,02:12,Nico Hischier
608:44,8,8,30,100,35,90,3,6,102:36,505:18,30,49.5,8.0,0,0,0,0,00:50,16,1,16,792,17:23,14:26,00:01,02:55,Anders Lee
2327:02,17,13,40,230,104,311,2,4,81:26,1979:14,40,5.7,2,0,0,1,266:22,254,15,30,3108,22:22,19:01,02:33,00:46,Johnny Boychuk
1704:14,9,5,42,86,90,98,1,3,78:33,1482:28,42,5.8,2,0,0,0,143:13,146,3,14,2412,18:56,16:28,01:35,00:52,Andy Greene
775:01,7,2,45,60,59,246,0,0,18:30,670:42,45,43.4,3.3,1,0,0,0,85:49,41,-1,9,1150,13:08,11:22,01:27,00:18,Leo Komarov
973:25,8,11,74,98,70,325,0,0,13:41,837:18,74,33.3,11.2,0,0,0,0,122:26,41,5,19,1556,13:54,11:57,01:44,00:11,Cal Clutterbuck
478:49,5,1,12,37,24,41,0,3,25:42,404:56,12,2.7,1,1,0,0,48:11,40,-5,6,640,19:57,16:52,02:00,01:04,Thomas Hickey
1284:49,34,16,6,131,71,81,3,11,183:31,1048:15,6,35.7,12.2,3,2,1,1,53:03,32,4,50,1704,18:05,14:45,00:44,02:35,Josh Bailey
913:21,5,7,115,89,79,449,0,0,14:17,889:53,115,22.2,7.9,1,0,0,0,09:11,36,-5,12,1422,11:33,11:15,00:06,00:10,Matt Martin
772:34,9,15,38,107,57,116,2,4,73:22,693:30,38,45.5,14.0,2,1,0,0,05:42,34,8,24,1150,13:33,12:10,00:06,01:17,Kyle Palmieri
260:59,4,1,18,28,20,53,0,0,06:04,254:46,18,0.0,3.6,0,0,0,0,00:09,8,-7,5,372,13:02,12:44,00:00,00:18,Richard Panik
956:39,10,5,44,89,69,190,0,0,08:06,825:13,44,52.5,5.6,1,1,0,0,123:20,37,-5,15,1523,13:51,11:57,01:47,00:07,Casey Cizikas
1188:28,18,23,26,150,67,88,3,6,174:42,967:55,26,48.4,15.3,7,0,0,1,45:51,35,-4,41,1598,17:44,14:26,00:41,02:36,Brock Nelson
1274:07,17,23,51,162,76,234,2,4,84:49,1055:01,51,54.0,14.2,2,1,0,0,134:17,90,28,40,1939,16:45,13:52,01:46,01:06,Jean-Gabriel Pageau
1036:43,10,3,45,74,51,118,0,0,05:30,904:37,45,4.1,1,0,0,0,126:36,120,22,13,1379,20:19,17:44,02:28,00:06,Scott Mayfield
1078:00,10,2,27,60,48,147,0,0,09:58,948:08,27,3.3,0,0,0,0,119:54,92,6,12,1422,22:27,19:45,02:29,00:12,Adam Pelech
1216:03,13,7,14,88,55,150,3,5,121:25,1028:35,14,8.0,3,0,0,0,66:03,118,-10,20,1603,22:06,18:42,01:12,02:12,Ryan Pulock
45:54,0,0,12,2,5,23,0,0,00:00,45:43,12,0.0,0,0,0,0,00:11,2,1,0,69,09:10,09:08,00:02,00:00,Ross Johnston
910:20,25,13,37,122,49,40,4,12,134:10,775:42,37,45.1,10.7,2,1,0,0,00:28,28,4,38,1077,18:34,15:49,00:00,02:44,Mathew Barzal
835:13,14,15,14,135,49,82,4,7,117:51,706:43,14,50.0,11.1,4,1,0,0,10:39,21,5,29,1109,17:02,14:25,00:13,02:24,Anthony Beauvillier
05:00,0,0,0,0,1,3,0,0,00:00,05:00,0,0,0,0,0,00:00,0,-1,0,10,05:00,05:00,00:00,00:00,Austin Czarnik
72:44,2,1,8,11,5,12,1,1,08:23,64:21,8,9.1,0,0,0,0,00:00,1,2,3,103,14:32,12:52,00:00,01:40,Oliver Wahlstrom
277:21,7,0,0,23,20,20,0,4,33:44,243:32,0,0.0,0,0,0,0,00:05,17,1,7,387,13:52,12:10,00:00,01:41,Noah Dobson
716:20,5,3,88,47,84,363,0,0,03:47,712:07,88,25.9,6.4,1,0,0,0,00:26,37,4,8,1084,08:31,08:28,00:00,00:02,Ryan Reaves
1229:55,15,24,64,153,80,245,9,11,198:28,1029:21,64,42.1,15.7,6,1,0,0,02:06,20,-5,39,1751,15:22,12:52,00:01,02:28,Chris Kreider
183:01,0,2,8,15,18,30,0,0,03:55,170:59,8,50.0,13.3,1,0,0,0,08:07,5,-2,2,293,10:10,09:29,00:27,00:13,Greg McKegg
476:06,2,0,26,26,28,68,0,0,03:26,396:52,26,0.0,0,0,0,0,75:48,53,1,2,648,17:00,14:10,02:42,00:07,Patrik Nemeth
168:00,1,0,22,12,13,32,0,0,00:00,140:30,22,0.0,0,0,0,0,27:30,17,-5,1,237,12:55,10:48,02:06,00:00,Jarred Tinordi
160:53,0,0,6,10,14,35,0,0,00:05,160:18,6,0.0,0,0,0,0,00:30,18,1,0,240,11:29,11:27,00:02,00:00,Anthony Bitetto
287:32,7,3,11,31,18,26,0,1,43:53,234:26,11,43.4,9.7,2,0,0,0,09:13,3,-1,10,409,15:58,13:01,00:30,02:26,Ryan Strome
514:03,14,5,0,78,31,61,1,5,88:34,404:03,0,43.5,6.4,1,1,0,2,21:26,24,0,19,751,16:34,13:02,00:41,02:51,Mika Zibanejad
1028:02,9,5,64,78,65,221,0,0,04:58,869:21,64,45.7,6.4,3,1,0,0,153:43,64,6,14,1534,15:48,13:22,02:21,00:04,Barclay Goodrow
643:23,5,2,23,67,30,50,0,0,26:47,549:36,23,3.0,1,0,0,0,67:00,59,1,7,808,21:26,18:19,02:14,00:53,Jacob Trouba
316:09,5,3,26,33,27,109,0,0,09:09,306:32,26,0.0,9.1,0,0,0,0,00:28,9,1,8,449,11:42,11:21,00:01,00:20,Sammy Blais
17:42,0,0,0,1,2,5,0,0,00:00,17:42,0,0.0,0.0,0,0,0,0,00:00,1,1,0,24,08:51,08:51,00:00,00:00,Dryden Hunt
662:52,18,10,20,85,30,23,2,11,111:41,549:16,20,100.0,11.8,2,1,0,1,01:55,12,-9,28,787,22:05,18:18,00:03,03:43,Artemi Panarin
63:35,0,0,2,6,3,5,0,0,09:32,51:03,2,0.0,0,0,0,0,03:00,5,2,0,80,21:11,17:01,01:00,03:10,Adam Fox
60:42,1,0,0,1,3,6,0,0,00:41,48:00,0,0.0,0,0,0,0,12:01,2,0,1,83,20:14,16:00,04:00,00:13,Ryan Lindgren
21:56,0,0,0,2,3,7,0,0,00:37,20:50,0,0.0,0,0,0,0,00:29,1,-1,0,34,07:18,06:56,00:09,00:12,Julien Gauthier
45:51,0,0,2,5,3,2,0,0,08:27,33:03,2,38.9,0.0,0,0,0,0,04:21,1,-1,0,67,15:17,11:01,01:27,02:49,Filip Chytil
47:38,0,0,0,6,3,0,0,0,06:43,40:55,0,0.0,0,0,0,0,00:00,3,-1,0,67,15:52,13:38,00:00,02:14,Kaapo Kakko
1125:57,13,8,34,78,86,211,0,1,07:10,909:38,34,55.7,10.3,3,0,0,0,209:09,84,10,21,1826,13:05,10:34,02:25,00:05,Nate Thompson
1124:18,30,6,26,105,58,23,1,18,189:09,926:59,26,5.7,0,0,0,0,08:10,47,-2,36,1474,19:23,15:58,00:08,03:15,Keith Yandle
1666:58,48,25,39,190,85,105,6,25,298:51,1243:41,39,51.9,13.2,2,1,2,6,124:26,48,4,73,2280,19:36,14:37,01:27,03:30,Claude Giroux
1834:45,43,25,56,248,117,207,4,20,308:09,1518:32,56,48.9,10.1,5,1,0,0,08:04,21,8,68,2603,15:40,12:58,00:04,02:38,Derick Brassard
2032:49,12,3,42,117,100,152,0,0,24:05,1763:39,42,2.6,1,0,0,0,245:05,211,1,15,2720,20:19,17:38,02:27,00:14,Justin Braun
1075:19,11,20,22,212,71,110,7,9,143:59,922:53,22,21.4,9.4,2,0,0,0,08:27,21,-14,31,1490,15:08,12:59,00:07,02:01,James van Riemsdyk
725:14,16,10,10,105,35,34,1,8,118:43,559:22,10,41.7,9.5,1,0,0,0,47:09,23,0,26,956,20:43,15:58,01:20,03:23,Cam Atkinson
1761:38,31,7,30,151,74,109,2,6,146:34,1445:37,30,4.6,1,0,0,0,169:27,162,3,38,2293,23:48,19:32,02:17,01:58,Ryan Ellis
884:28,18,8,14,103,56,73,1,3,98:10,738:03,14,47.5,7.8,1,1,0,0,48:15,21,5,26,1262,15:47,13:10,00:51,01:45,Kevin Hayes
86:57,2,0,7,5,5,4,0,0,00:00,78:58,7,0.0,0,0,0,0,07:59,14,1,2,125,17:23,15:47,01:35,00:00,Nick Seeler
61:21,1,0,2,9,7,6,0,0,00:00,61:21,2,0.0,0,0,0,0,00:00,3,1,1,95,08:45,08:45,00:00,00:00,Adam Clendening
704:48,12,10,26,67,39,82,0,4,76:08,519:48,26,53.3,14.9,2,0,0,0,108:52,19,1,22,922,18:04,13:19,02:47,01:57,Sean Couturier
322:01,4,6,27,32,24,69,0,0,01:54,287:15,27,50.7,18.8,1,1,0,0,32:52,10,2,10,475,13:25,11:58,01:22,00:04,Scott Laughton
423:49,6,2,8,26,20,17,0,0,35:16,357:01,8,7.7,1,0,0,0,31:32,38,0,8,566,21:11,17:51,01:34,01:45,Travis Sanheim
154:37,1,2,8,13,13,52,0,0,12:13,142:24,8,50.0,15.4,1,0,0,0,00:00,4,1,3,237,11:53,10:57,00:00,00:56,Nicolas Aube-Kubel
76:43,0,0,0,3,6,12,0,0,13:29,63:14,0,0.0,0.0,0,0,0,0,00:00,5,-1,0,106,12:47,10:32,00:00,02:14,Oskar Lindblom
362:09,7,1,24,36,22,43,0,0,58:12,303:54,24,27.3,2.8,0,0,0,0,00:03,12,0,8,471,16:27,13:48,00:00,02:38,Travis Konecny
564:09,8,3,4,31,22,44,0,2,69:07,416:40,4,9.7,1,1,0,0,78:22,30,-4,11,682,25:38,18:56,03:33,03:08,Ivan Provorov
40:48,0,0,2,3,4,1,0,0,00:24,40:24,2,50.0,0.0,0,0,0,0,00:00,0,-1,0,59,10:12,10:06,00:00,00:06,Connor Bunnaman
173:47,2,3,4,19,12,8,1,1,23:44,149:03,4,25.0,15.8,1,0,0,0,01:00,4,-2,5,250,14:28,12:25,00:05,01:58,Joel Farabee
2332:52,36,43,66,405,126,187,17,25,363:00,1792:00,66,46.9,10.6,7,1,0,0,177:52,74,-8,79,3244,18:30,14:13,01:24,02:52,Jeff Carter
3368:28,110,64,236,586,170,190,28,80,762:58,2588:46,236,46.2,10.9,12,1,1,2,16:44,90,4,174,3986,19:48,15:13,00:05,04:29,Evgeni Malkin
3645:10,122,69,81,520,174,182,19,73,759:40,2851:03,81,51.6,13.3,9,1,0,0,34:27,82,16,191,4485,20:56,16:23,00:11,04:21,Sidney Crosby
3427:31,64,22,142,348,142,275,9,33,537:01,2690:42,142,6.3,5,1,0,2,199:48,220,3,86,4018,24:08,18:56,01:24,03:46,Kris Letang
1716:22,21,4,16,93,80,126,1,2,30:30,1523:53,16,4.3,1,0,0,1,161:59,124,6,25,2408,21:27,19:02,02:01,00:22,Brian Dumoulin
622:41,5,8,8,87,41,74,1,2,36:57,578:40,8,50.0,9.2,2,1,0,0,07:04,18,-10,13,830,15:11,14:06,00:10,00:54,Jason Zucker
1053:52,8,19,28,117,72,117,1,3,43:47,935:27,28,58.8,16.2,4,0,0,0,74:38,56,5,27,1600,14:38,12:59,01:02,00:36,Bryan Rust
157:10,0,0,6,20,18,12,0,0,00:24,154:36,6,0.0,0,0,0,0,02:10,10,-8,0,258,08:43,08:35,00:07,00:01,Taylor Fedun
264:43,1,0,8,22,13,11,0,0,06:25,254:07,8,0.0,0,0,0,0,04:11,14,-3,1,341,20:21,19:32,00:19,00:29,Mike Matheson
150:33,0,1,2,14,11,17,0,0,01:47,121:32,2,45.3,7.1,0,0,0,0,27:14,2,-3,1,239,13:41,11:02,02:28,00:09,Teddy Blueger
534:35,6,6,12,53,34,85,0,0,03:44,446:13,12,30.0,11.3,1,1,1,1,84:38,20,0,12,798,15:43,13:07,02:29,00:06,Brock McGinn
259:59,0,0,6,20,18,38,0,0,04:18,230:07,6,0.0,0,0,0,0,25:34,19,-5,0,380,14:26,12:47,01:25,00:14,Chad Ruhwedel
941:34,22,26,24,135,51,76,4,6,122:41,813:06,24,30.8,19.3,7,1,1,1,05:47,25,3,48,1271,18:27,15:56,00:06,02:24,Jake Guentzel
447:45,5,5,16,53,31,57,0,0,21:22,388:47,16,75.0,9.4,2,1,1,2,37:36,10,-11,10,657,14:26,12:32,01:12,00:41,Kasperi Kapanen
275:08,2,0,10,21,18,13,0,0,05:14,261:08,10,0.0,0,0,0,0,08:46,16,-5,2,377,15:17,14:30,00:29,00:17,Marcus Pettersson
07:40,0,0,0,0,1,4,0,0,00:00,07:40,0,33.3,0,0,0,0,00:00,1,-1,0,13,07:40,07:40,00:00,00:00,Sam Lafferty
428:44,6,3,4,40,33,28,0,1,10:10,416:35,4,7.5,0,0,0,0,01:59,20,6,9,572,12:59,12:37,00:03,00:18,Danton Heinen
191:37,1,0,8,16,10,4,0,1,14:41,157:54,8,0.0,0,0,0,0,19:02,12,-2,1,261,19:09,15:47,01:54,01:28,John Marino
22:48,1,0,0,4,2,6,0,0,00:00,21:46,0,0.0,0,0,0,0,01:02,0,1,1,36,11:24,10:53,00:31,00:00,Evan Rodrigues
147:50,4,0,4,9,12,26,0,0,08:47,138:40,4,33.3,0.0,0,0,0,0,00:23,6,-1,4,214,12:19,11:33,00:01,00:43,Dominik Simon
261:59,3,1,8,28,23,54,0,0,03:06,223:58,8,28.6,3.6,0,0,1,1,34:55,18,-6,4,421,11:23,09:44,01:31,00:08,Zach Aston-Reese
759:23,4,0,30,54,49,44,0,1,56:25,663:44,30,0.0,0,0,0,0,39:14,57,-3,4,1140,15:29,13:32,00:48,01:09,John Moore
3128:09,74,46,92,515,160,257,15,35,456:30,2375:34,92,57.9,8.9,10,4,3,4,296:05,112,45,120,4321,19:33,14:50,01:51,02:51,Patrice Bergeron
2566:14,62,45,131,343,132,153,12,30,300:47,2044:21,131,32.0,13.1,9,3,1,3,221:06,60,30,107,3348,19:26,15:29,01:40,02:16,Brad Marchand
999:11,14,9,45,99,55,196,0,4,113:44,840:24,45,55.3,9.1,1,1,0,0,45:03,36,-4,23,1333,18:10,15:16,00:49,02:04,Nick Foligno
939:02,12,9,16,170,62,84,1,2,111:56,826:45,16,37.0,5.3,4,2,0,0,00:21,19,-3,21,1320,15:08,13:20,00:00,01:48,Craig Smith
880:55,16,11,33,107,54,101,1,5,76:17,716:42,33,50.6,10.3,2,1,0,0,87:56,34,-8,27,1265,16:18,13:16,01:37,01:24,Erik Haula
1528:11,18,21,38,171,92,217,4,8,152:25,1318:00,38,47.1,12.3,3,1,0,1,57:46,51,-21,39,2083,16:36,14:19,00:37,01:39,Charlie Coyle
371:56,1,2,2,25,18,33,0,0,01:47,306:12,2,8.0,0,0,0,0,63:57,35,-2,3,512,20:39,17:00,03:33,00:05,Derek Forbort
637:05,1,7,14,73,56,167,0,0,04:01,559:27,14,51.0,9.6,1,0,0,0,73:37,26,-8,8,987,11:22,09:59,01:18,00:04,Chris Wagner
473:44,10,7,25,68,25,25,2,6,64:05,407:40,25,66.7,10.3,1,0,0,0,01:59,19,-7,17,583,18:56,16:18,00:04,02:33,Taylor Hall
07:07,0,0,0,0,1,2,0,0,00:00,05:23,0,0.0,0,0,0,0,01:44,1,0,0,11,07:07,05:23,01:44,00:00,Steven Fogarty
236:23,4,0,8,21,11,9,0,1,02:33,231:48,8,0.0,0,0,0,0,02:02,12,3,4,295,21:29,21:04,00:11,00:13,Mike Reilly
962:52,9,5,18,68,54,54,3,7,71:39,854:16,18,7.4,0,0,0,0,36:57,52,-12,14,1336,17:49,15:49,00:41,01:19,Matt Grzelcyk
543:07,5,3,24,33,36,92,0,1,03:09,499:00,24,9.1,1,0,0,0,40:58,39,1,8,773,15:05,13:51,01:08,00:05,Connor Clifton
205:19,1,0,2,15,17,60,0,0,00:23,188:22,2,54.9,0.0,0,0,0,0,16:34,12,-1,1,307,12:04,11:04,00:58,00:01,Curtis Lazar
446:55,4,6,28,41,38,77,0,0,03:45,374:33,28,54.7,14.6,1,0,0,0,68:37,25,0,10,644,11:45,09:51,01:48,00:05,Tomas Nosek
1212:33,41,27,28,228,63,83,10,30,203:19,1008:50,28,50.0,11.8,3,0,0,0,00:24,27,3,68,1441,19:14,16:00,00:00,03:13,David Pastrnak
962:26,3,2,18,58,45,83,0,0,01:59,818:34,18,3.4,1,0,1,1,141:53,75,10,5,1289,21:23,18:11,03:09,00:02,Brandon Carlo
894:59,10,16,22,121,59,96,4,9,95:35,791:25,22,18.5,13.2,3,0,0,0,07:59,31,-3,26,1170,15:10,13:24,00:08,01:37,Jake DeBrusk
1628:56,27,5,52,97,65,147,2,16,113:17,1397:04,52,5.2,1,0,0,2,118:35,119,0,32,2025,25:03,21:29,01:49,01:44,Charlie McAvoy
58:03,0,0,2,10,5,1,0,0,05:12,52:51,2,66.7,0.0,0,0,0,0,00:00,0,-1,0,81,11:36,10:34,00:00,01:02,Jack Studnicka
183:37,3,1,2,24,16,29,0,0,00:23,179:05,2,25.0,4.2,0,0,0,0,04:09,1,-3,4,256,11:28,11:11,00:15,00:01,Karson Kuhlman
487:26,8,7,11,74,24,42,1,4,71:55,407:32,11,51.2,9.5,1,0,1,1,07:59,12,-3,15,590,20:18,16:58,00:19,02:59,Kyle Okposo
832:47,11,8,33,62,50,113,1,1,51:46,704:22,33,52.5,12.9,3,1,0,0,76:39,39,-2,19,1140,16:39,14:05,01:31,01:02,Cody Eakin
52:54,0,0,0,8,4,11,0,0,00:00,49:05,0,0.0,0,0,0,0,03:49,5,-1,0,76,13:13,12:16,00:57,00:00,Mark Pysyk
38:18,0,0,0,2,3,1,0,0,01:49,36:29,0,0.0,0,0,0,0,00:00,3,-1,0,63,12:46,12:09,00:00,00:36,Brandon Davidson
556:38,7,4,22,50,30,66,3,5,73:03,458:32,22,8.0,0,0,1,1,25:03,41,7,11,726,18:33,15:17,00:50,02:26,Colin Miller
86:04,2,0,2,4,8,5,0,1,01:25,83:29,2,66.7,0.0,0,0,0,0,01:10,2,-1,2,133,10:45,10:26,00:08,00:10,Vinnie Hinostroza
90:43,3,1,0,7,5,3,1,3,21:38,69:05,0,14.3,0,0,0,0,00:00,3,0,4,106,18:08,13:49,00:00,04:19,Will Butcher
05:39,0,0,0,0,1,2,0,0,00:00,05:39,0,0,0,0,0,00:00,0,0,0,9,05:39,05:39,00:00,00:00,John Hayden
202:03,3,0,6,12,14,39,0,0,00:29,192:58,6,0.0,0,0,0,0,08:36,26,2,3,317,14:25,13:47,00:36,00:02,Robert Hagg
114:54,1,0,6,17,10,12,0,0,00:10,114:35,6,0.0,0,0,0,0,00:09,3,-3,1,159,11:29,11:27,00:00,00:01,Anders Bjork
293:42,2,4,27,30,21,58,0,0,18:17,258:10,27,33.3,13.3,0,0,0,0,17:15,11,0,6,426,13:59,12:17,00:49,00:52,Drake Caggiula
510:58,15,6,24,57,33,64,1,9,80:31,429:11,24,38.9,10.5,1,0,0,0,01:16,5,-4,21,695,15:29,13:00,00:02,02:26,Jonathan Drouin
2456:39,24,18,106,227,97,266,8,14,318:13,1883:46,106,7.9,3,0,0,2,254:40,183,-1,42,3000,25:19,19:25,02:37,03:16,Shea Weber
1151:29,8,5,18,90,48,129,1,3,111:26,957:46,18,5.6,2,1,0,0,82:17,82,-2,13,1394,23:59,19:57,01:42,02:19,Jeff Petry
641:27,11,5,36,56,51,113,4,7,78:56,561:46,36,46.7,8.9,1,0,0,1,00:45,25,-4,16,898,12:34,11:00,00:00,01:32,Mathieu Perreault
568:30,6,5,16,33,38,112,0,0,05:32,492:55,16,45.2,15.2,2,0,1,1,70:03,20,1,11,865,14:57,12:58,01:50,00:08,Paul Byron
563:18,9,11,20,83,33,44,3,6,90:35,472:14,20,25.0,13.3,2,0,0,0,00:29,9,-2,20,721,17:04,14:18,00:00,02:44,Mike Hoffman
195:08,3,1,4,24,15,14,0,1,16:28,175:48,4,4.2,0,0,0,0,02:52,12,-4,4,319,13:00,11:43,00:11,01:05,Chris Wideman
1156:34,15,1,20,76,57,140,0,2,20:42,1035:58,20,1.3,0,0,0,1,99:54,132,-7,16,1494,20:17,18:10,01:45,00:21,David Savard
1173:55,6,1,45,76,56,200,0,0,11:11,1028:02,45,1.3,0,0,0,0,134:42,105,-1,7,1433,20:57,18:21,02:24,00:11,Ben Chiarot
1132:51,23,16,18,170,76,129,3,11,122:38,970:34,18,55.6,9.4,4,1,1,1,39:39,22,-5,39,1611,14:54,12:46,00:31,01:36,Tyler Toffoli
1150:14,18,13,25,210,71,111,5,8,156:09,991:51,25,34.0,6.2,3,0,0,0,02:14,41,-6,31,1678,16:12,13:58,00:01,02:11,Brendan Gallagher
1380:17,15,6,44,85,75,168,0,0,15:09,1256:56,44,7.1,1,1,0,1,108:12,103,7,21,1935,18:24,16:45,01:26,00:12,Joel Edmundson
155:44,1,0,14,10,11,22,0,0,00:49,131:01,14,0.0,0,0,0,1,23:54,21,1,1,212,14:09,11:54,02:10,00:04,Xavier Ouellet
587:01,5,10,22,91,44,85,0,1,37:31,481:45,22,41.7,11.0,1,0,3,4,67:45,21,3,15,888,13:20,10:56,01:32,00:51,Joel Armia
352:47,4,0,4,30,23,24,0,0,00:39,341:01,4,0.0,0,0,0,1,11:07,20,-2,4,457,15:20,14:49,00:29,00:01,Brett Kulak
1093:31,8,5,123,74,95,294,0,0,04:14,975:23,123,47.8,6.8,1,0,1,1,113:54,62,-13,13,1662,11:30,10:16,01:11,00:02,Cedric Paquette
652:08,6,8,57,93,43,165,0,0,41:49,591:36,57,42.3,8.6,2,2,1,1,18:43,19,-1,14,903,15:09,13:45,00:26,00:58,Josh Anderson
524:21,6,6,14,68,33,92,1,2,19:11,430:51,14,14.3,8.8,3,1,0,1,74:19,29,2,12,771,15:53,13:03,02:15,00:34,Artturi Lehkonen
145:56,1,2,0,11,9,9,0,1,25:39,119:58,0,42.5,18.2,0,0,0,0,00:19,4,1,3,203,16:12,13:19,00:02,02:51,Christian Dvorak
155:26,2,1,4,12,13,26,0,0,01:39,131:51,4,48.5,8.3,0,0,0,0,21:56,3,2,3,246,11:57,10:08,01:41,00:07,Jake Evans
608:04,12,11,2,80,32,68,3,8,81:07,492:04,2,43.8,13.8,2,1,0,0,34:53,27,-3,23,792,19:00,15:22,01:05,02:32,Nick Suzuki
49:37,0,1,0,3,4,8,0,0,00:00,44:51,0,33.3,0,0,0,0,04:46,5,-2,1,64,12:24,11:12,01:11,00:00,Alexander Romanov
304:43,8,4,0,48,20,7,2,3,44:09,260:25,0,8.3,0,0,0,0,00:09,4,-5,12,429,15:14,13:01,00:00,02:12,Cole Caufield
605:02,9,10,48,73,45,192,0,0,03:54,532:07,48,33.3,13.7,0,0,0,0,69:01,53,4,19,936,13:26,11:49,01:32,00:05,Austin Watson
895:41,10,7,18,84,55,156,2,2,31:26,816:56,18,8.3,0,0,0,0,47:19,55,2,17,1279,16:17,14:51,00:51,00:34,Nick Holden
687:06,9,3,20,52,32,96,1,4,114:51,529:09,20,5.8,1,0,0,0,43:06,46,-7,12,810,21:28,16:32,01:20,03:35,Michael Del Zotto
220:04,3,2,2,23,18,15,0,0,04:50,214:31,2,8.7,1,0,0,0,00:43,4,-1,5,345,12:13,11:55,00:02,00:16,Pontus Aberg
599:46,7,5,8,35,40,44,0,2,22:24,507:29,8,47.5,14.3,0,0,0,0,69:53,27,6,12,939,14:59,12:41,01:44,00:33,Chris Tierney
311:18,4,1,2,20,20,18,0,0,11:55,267:40,2,40.0,5.0,0,0,0,0,31:43,11,2,5,467,15:33,13:23,01:35,00:35,Connor Brown
18:50,0,0,0,0,2,5,0,0,00:00,17:38,0,0,0,0,0,01:12,3,0,0,27,09:25,08:49,00:36,00:00,Josh Brown
07:56,0,0,0,0,1,1,0,0,00:00,07:56,0,0,0,0,0,00:00,1,0,0,11,07:56,07:56,00:00,00:00,Dillon Heatherington
02:39,0,0,0,0,1,0,0,0,00:00,02:39,0,0.0,0,0,0,0,00:00,1,0,0,7,02:39,02:39,00:00,00:00,Colin White
125:01,2,0,2,1,10,1,0,2,10:56,113:51,2,0.0,0,0,0,0,00:14,6,1,2,187,12:30,11:23,00:01,01:05,Victor Mete
365:16,2,0,4,22,18,54,0,0,02:46,323:51,4,0.0,0,0,0,0,38:39,30,-10,2,526,20:17,17:59,02:08,00:09,Nikita Zaitsev
1544:12,47,28,41,206,92,68,10,35,340:58,1192:02,41,50.9,13.6,4,0,0,0,11:12,29,0,75,2036,16:47,12:57,00:07,03:42,Jason Spezza
1342:17,16,9,22,99,65,165,3,9,126:04,1109:01,22,9.1,1,0,0,0,107:12,96,0,25,1892,20:39,17:03,01:38,01:56,Jake Muzzin
740:53,14,8,108,100,51,134,4,7,115:55,623:48,108,18.2,8.0,0,0,0,0,01:10,32,-8,22,1030,14:31,12:13,00:01,02:16,Wayne Simmonds
863:40,12,5,18,49,37,31,0,3,53:23,726:58,18,10.2,0,0,0,1,83:19,62,6,17,1135,23:20,19:38,02:15,01:26,TJ Brodie
764:30,15,15,12,124,37,41,2,9,112:49,649:34,12,51.0,12.1,4,2,0,0,02:07,17,-13,30,924,20:39,17:33,00:03,03:02,John Tavares
264:01,1,0,6,14,12,19,0,0,01:39,229:30,6,0.0,0,0,0,0,32:52,21,2,1,342,22:00,19:07,02:44,00:08,Justin Holl
21:41,0,0,0,2,4,12,0,0,00:00,21:41,0,0.0,0,0,0,0,00:00,1,0,0,42,05:25,05:25,00:00,00:00,Kurtis Gabriel
804:59,15,4,8,86,32,46,1,6,73:36,704:54,8,0.0,4.7,1,0,0,0,26:29,61,1,19,1042,25:09,22:01,00:49,02:18,Morgan Rielly
460:38,11,3,14,40,30,28,0,1,53:18,384:22,14,40.7,7.5,0,0,0,1,22:58,22,1,14,635,15:21,12:48,00:45,01:46,Alexander Kerfoot
561:17,13,10,8,79,32,26,2,3,75:33,483:08,8,57.3,12.7,1,0,0,0,02:36,13,2,23,773,17:32,15:05,00:04,02:21,William Nylander
482:29,3,6,80,53,38,120,1,1,27:14,455:08,80,50.0,11.3,2,0,0,0,00:07,12,-6,9,697,12:41,11:58,00:00,00:43,Nick Ritchie
12:45,1,0,0,1,1,0,0,1,01:42,11:03,0,20.0,0.0,0,0,0,0,00:00,0,0,1,21,12:45,11:03,00:00,01:42,Michael Amadio
119:12,1,0,12,21,10,12,0,0,01:00,112:01,12,41.9,0.0,0,0,0,0,06:11,2,-1,1,184,11:55,11:12,00:37,00:06,Pierre Engvall
321:26,4,2,6,48,24,19,0,0,23:18,297:14,6,28.6,4.2,0,0,0,0,00:54,14,-1,6,451,13:23,12:23,00:02,00:58,Ondrej Kase
345:26,3,2,8,25,22,33,0,0,02:13,329:14,8,8.0,0,0,0,0,13:59,17,-5,5,488,15:42,14:57,00:38,00:06,Travis Dermott
666:34,20,5,12,79,32,36,0,9,89:24,537:09,12,50.0,6.3,2,0,1,1,40:01,16,-1,25,879,20:49,16:47,01:15,02:47,Mitchell Marner
675:14,11,13,2,137,32,69,3,7,93:04,580:50,2,52.8,9.5,4,1,0,0,01:20,39,-3,24,834,21:06,18:09,00:02,02:54,Auston Matthews
115:17,0,1,6,9,9,10,0,0,01:13,95:26,6,57.6,11.1,0,0,1,1,18:38,2,0,1,180,12:48,10:36,02:04,00:08,David Kampf
66:03,0,1,0,4,5,2,1,1,16:10,49:51,0,25.0,0,0,0,0,00:02,3,-3,1,83,13:12,09:58,00:00,03:14,Rasmus Sandin
48:18,0,1,2,7,4,2,0,0,04:07,44:11,2,0.0,14.3,0,0,0,0,00:00,1,-1,1,68,12:04,11:02,00:00,01:01,Nicholas Robertson
170:53,0,0,0,22,12,15,0,0,00:13,155:41,0,0.0,0,0,0,0,14:59,5,-1,0,244,14:14,12:58,01:14,00:01,Ilya Mikheyev
2110:02,34,20,30,237,106,113,6,16,343:18,1561:37,30,43.6,8.4,3,1,1,1,205:07,86,-12,54,2858,19:54,14:43,01:56,03:14,Derek Stepan
2015:32,22,32,52,212,107,296,6,9,193:15,1526:18,52,50.5,15.1,6,3,1,1,295:59,60,-5,54,2824,18:50,14:15,02:45,01:48,Jordan Staal
1721:01,23,1,78,98,96,175,0,0,14:41,1455:27,78,1.0,0,0,0,1,250:53,215,13,24,2402,17:55,15:09,02:36,00:09,Ian Cole
783:37,8,2,48,50,42,87,0,0,08:24,704:30,48,4.0,1,0,0,0,70:43,43,8,10,1189,18:39,16:46,01:41,00:12,Brendan Smith
669:47,11,2,8,42,33,54,1,3,57:25,609:50,8,4.8,0,0,0,0,02:32,50,-9,13,872,20:17,18:28,00:04,01:44,Jake Gardiner
1073:44,14,11,46,131,68,153,1,3,118:23,954:32,46,37.5,8.4,5,1,0,0,00:49,17,-14,25,1480,15:47,14:02,00:00,01:44,Nino Niederreiter
721:16,10,7,2,48,51,125,0,1,19:47,641:15,2,40.0,14.6,0,0,1,2,60:14,33,5,17,1121,14:08,12:34,01:10,00:23,Jesper Fast
370:45,4,2,8,42,19,44,1,1,57:41,293:35,8,50.0,4.8,0,0,0,0,19:29,15,4,6,477,19:30,15:27,01:01,03:02,Vincent Trocheck
57:17,0,1,4,9,4,7,0,0,02:29,54:25,4,0.0,11.1,1,0,0,0,00:23,1,1,1,80,14:19,13:36,00:05,00:37,Stefan Noesen
760:54,5,4,24,56,36,86,0,0,32:17,659:06,24,7.1,0,0,0,0,69:31,41,11,9,1010,21:08,18:18,01:55,00:53,Brady Skjei
1013:46,16,16,18,110,59,20,2,4,130:54,816:29,18,36.7,14.5,2,0,0,0,66:23,17,21,32,1438,17:10,13:50,01:07,02:13,Teuvo Teravainen
375:41,8,2,18,35,29,92,0,0,03:29,342:43,18,48.3,5.7,0,0,0,0,29:29,12,-3,10,559,12:57,11:49,01:01,00:07,Jordan Martinook
796:22,17,2,0,54,31,47,0,2,37:55,647:24,0,3.7,0,0,0,1,111:03,64,11,19,940,25:41,20:53,03:34,01:13,Jaccob Slavin
642:59,9,2,2,48,26,26,0,0,08:47,538:14,2,4.2,0,0,0,1,95:58,53,5,11,744,24:43,20:42,03:41,00:20,Brett Pesce
57:01,1,0,16,5,3,4,0,1,13:55,43:06,16,0.0,0,0,0,0,00:00,4,-6,1,69,19:00,14:22,00:00,04:38,Tony DeAngelo
720:23,21,14,18,92,34,68,5,9,121:26,531:58,18,46.8,15.2,2,1,2,2,66:59,13,14,35,914,21:11,15:38,01:58,03:34,Sebastian Aho
163:39,0,0,2,10,8,9,0,0,07:54,133:50,2,0.0,0,0,0,0,21:55,14,-8,0,205,20:27,16:43,02:44,00:59,Ethan Bear
132:39,3,0,4,12,11,23,0,0,01:26,131:05,4,45.3,0.0,0,0,0,0,00:08,8,-3,3,195,12:03,11:55,00:00,00:07,Steven Lorentz
34:56,0,0,2,4,2,2,0,0,00:00,33:54,2,0.0,0,0,0,0,01:02,1,1,0,47,17:28,16:57,00:31,00:00,Maxime Lajoie
330:10,6,3,0,34,19,26,1,1,52:09,256:38,0,53.6,8.8,1,0,0,0,21:23,8,-1,9,410,17:22,13:30,01:07,02:44,Martin Necas
399:10,3,9,37,39,29,71,1,1,45:22,352:41,37,44.3,23.1,1,1,0,0,01:07,12,-1,12,571,13:45,12:09,00:02,01:33,Jesperi Kotkaniemi
428:24,11,9,31,70,26,68,1,8,66:56,361:15,31,50.0,12.9,1,0,0,0,00:13,11,11,20,586,16:28,13:53,00:00,02:34,Andrei Svechnikov
254:35,1,0,2,24,10,24,0,1,15:20,223:19,2,0.0,0,0,0,0,15:56,11,0,1,321,25:27,22:19,01:35,01:32,Aaron Ekblad
3705:38,102,32,134,360,186,203,11,51,753:01,2848:34,134,51.4,8.9,8,1,0,0,104:03,80,-35,134,4846,19:55,15:18,00:33,04:02,Joe Thornton
1544:28,24,27,84,301,96,240,10,17,308:39,1234:30,84,55.6,9.0,2,1,0,0,01:19,75,-8,51,2167,16:05,12:51,00:00,03:12,Patric Hornqvist
24:28,0,0,0,0,3,2,0,0,00:00,24:15,0,40.0,0,0,0,0,00:13,3,-1,0,44,08:09,08:05,00:04,00:00,Zac Dalpe
83:24,1,0,22,6,8,10,0,0,00:00,79:57,22,0.0,0,0,0,0,03:27,2,-2,1,123,10:25,09:59,00:25,00:00,Kevin Connauton
474:05,4,1,42,25,26,124,0,0,01:04,409:24,42,4.0,0,0,0,0,63:37,44,-3,5,620,18:14,15:44,02:26,00:02,Radko Gudas
336:30,12,4,16,64,16,17,1,6,52:47,281:19,16,45.0,6.3,0,0,0,0,02:24,6,-2,16,419,21:01,17:34,00:09,03:17,Jonathan Huberdeau
230:40,3,1,10,19,10,27,0,1,03:56,202:05,10,5.3,0,0,0,0,24:39,22,0,4,301,23:04,20:12,02:27,00:23,MacKenzie Weegar
73:28,0,0,6,7,6,5,0,0,02:37,68:07,6,0.0,0,0,0,0,02:44,2,-3,0,115,12:14,11:21,00:27,00:26,Anthony Duclair
200:25,3,2,4,23,14,21,1,1,17:33,182:49,4,0.0,8.7,0,0,0,0,00:03,3,-4,5,262,14:18,13:03,00:00,01:15,Carter Verhaeghe
373:03,10,4,6,62,16,32,2,7,52:46,295:40,6,53.3,6.5,0,0,0,0,24:37,10,-10,14,461,23:18,18:28,01:32,03:17,Aleksander Barkov
532:39,12,12,46,89,35,123,4,9,68:36,451:13,46,44.8,13.5,1,0,0,0,12:50,14,0,24,740,15:13,12:53,00:22,01:57,Sam Bennett
532:16,8,0,16,69,27,22,0,1,43:45,459:02,16,0.0,0,0,0,0,29:29,26,6,8,673,19:42,17:00,01:05,01:37,Brandon Montour
128:55,1,1,0,16,6,4,0,0,00:05,113:03,0,6.3,0,0,0,0,15:47,6,1,2,172,21:29,18:50,02:37,00:00,Gustav Forsling
159:41,1,2,10,22,14,30,0,0,11:28,144:37,10,66.7,9.1,0,0,0,0,03:36,3,0,3,234,11:24,10:19,00:15,00:49,Frank Vatrano
599:38,3,4,4,38,45,170,0,0,02:43,522:05,4,53.2,10.5,0,0,1,1,74:50,43,0,7,861,13:19,11:36,01:39,00:03,Noel Acciari
265:43,1,1,14,24,17,21,0,0,04:07,259:40,14,4.2,0,0,0,0,01:56,13,1,2,372,15:37,15:16,00:06,00:14,Markus Nutivaara
87:44,0,2,8,12,6,22,0,0,01:57,84:17,8,50.0,16.7,1,0,0,0,01:30,1,-2,2,116,14:37,14:02,00:15,00:19,Mason Marchment
49:31,0,1,30,7,6,25,0,0,00:06,48:36,30,14.3,1,1,0,0,00:49,0,0,1,78,08:15,08:06,00:08,00:01,Ryan Lomberg
10:33,0,0,0,1,1,1,0,0,00:26,10:07,0,0.0,0,0,0,0,00:00,0,-2,0,20,10:33,10:07,00:00,00:26,Lucas Carlsson
81:45,3,1,0,14,6,9,0,1,01:35,80:10,0,60.0,7.1,0,0,0,0,00:00,4,-1,4,113,13:37,13:21,00:00,00:15,Owen Tippett
3057:59,39,20,83,231,123,425,6,17,295:12,2481:51,83,8.7,3,3,0,3,280:56,269,8,59,4137,24:51,20:10,02:17,02:24,Brent Seabrook
2832:51,63,45,238,425,167,233,13,32,472:17,2327:21,238,26.1,10.6,10,5,1,1,33:13,66,-8,108,3776,16:57,13:56,00:11,02:49,Corey Perry
2033:07,34,34,109,218,111,219,10,20,248:08,1617:59,109,39.4,15.6,5,0,1,3,167:00,43,6,68,2769,18:18,14:34,01:30,02:14,Alex Killorn
1617:21,25,19,149,198,121,275,5,12,225:52,1390:52,149,34.6,9.6,5,1,0,0,00:37,29,3,44,2189,13:21,11:29,00:00,01:52,Pat Maroon
4001:12,48,11,81,254,162,370,5,13,233:35,3324:15,81,4.3,3,1,0,3,443:22,361,16,59,4926,24:41,20:31,02:44,01:26,Ryan McDonagh
1679:50,40,32,42,219,94,171,16,40,310:43,1358:34,42,51.2,14.6,4,0,0,0,10:33,39,-11,72,2130,17:52,14:27,00:06,03:18,Steven Stamkos
458:13,5,0,12,47,27,50,0,0,01:58,421:07,12,0.0,0,0,0,0,35:08,28,-2,5,616,16:58,15:35,01:18,00:04,Zach Bogosian
3307:31,69,19,82,315,132,167,8,39,335:53,2653:35,82,6.0,5,1,0,0,318:03,255,19,88,3942,25:03,20:06,02:24,02:32,Victor Hedman
19:02,0,0,12,3,3,10,0,0,00:00,19:02,12,60.0,0.0,0,0,0,0,00:00,0,0,0,31,06:20,06:20,00:00,00:00,Gabriel Dumont
2120:04,36,37,50,240,115,338,10,16,238:35,1781:45,50,29.8,15.4,9,1,1,1,99:44,114,25,73,2838,18:26,15:29,00:52,02:04,Ondrej Palat
207:27,3,0,4,7,14,33,0,0,05:04,197:21,4,0.0,0,0,0,0,05:02,9,3,3,319,14:49,14:05,00:21,00:21,Fredrik Claesson
2140:05,83,44,87,335,113,136,12,53,354:34,1782:18,87,0.0,13.1,7,2,0,0,03:13,30,31,127,2737,18:56,15:46,00:01,03:08,Nikita Kucherov
09:48,0,0,0,0,2,4,0,0,01:53,07:55,0,0,0,0,0,00:00,0,0,0,16,04:54,03:57,00:00,00:56,Charles Hudon
745:31,3,2,36,38,46,33,0,0,04:26,675:51,36,5.3,0,0,0,0,65:14,41,8,5,1020,16:12,14:41,01:25,00:05,Andrej Sustr
672:21,8,2,37,68,56,104,0,0,03:38,525:12,37,50.4,2.9,0,0,0,1,143:31,61,6,10,992,12:00,09:22,02:33,00:03,Pierre-Edouard Bellemare
1306:03,37,36,33,161,67,56,13,26,200:23,1088:59,33,53.9,22.4,6,2,0,0,16:41,30,8,73,1627,19:29,16:15,00:14,02:59,Brayden Point
1022:39,16,1,28,75,50,136,0,0,03:33,885:30,28,1.3,0,0,0,0,133:36,79,12,17,1325,20:27,17:42,02:40,00:04,Erik Cernak
93:22,2,0,0,8,10,34,0,0,00:12,91:27,0,16.7,0.0,0,0,0,0,01:43,5,-2,2,137,09:20,09:08,00:10,00:01,Mathieu Joseph
1189:48,15,11,26,110,69,194,0,3,50:22,986:23,26,47.5,10.0,2,1,0,1,153:03,59,3,26,1637,17:14,14:17,02:13,00:43,Anthony Cirelli
1351:57,14,6,56,115,69,147,2,7,125:56,1151:44,56,5.2,0,0,0,0,74:17,98,1,20,1706,19:35,16:41,01:04,01:49,Mikhail Sergachev
235:20,2,4,12,32,23,46,0,0,01:17,231:49,12,48.9,12.5,1,0,0,0,02:14,12,4,6,338,10:13,10:04,00:05,00:03,Ross Colton
479:26,4,2,20,31,32,32,0,0,00:49,444:01,20,6.5,1,0,0,0,34:36,27,5,6,661,14:58,13:52,01:04,00:01,Jan Rutta
3009:59,64,71,77,618,141,599,27,58,651:54,2349:36,77,71.4,11.5,10,0,0,0,08:29,81,8,135,3342,21:20,16:39,00:03,04:37,Alex Ovechkin
1894:06,33,28,75,198,96,203,14,24,326:20,1497:57,75,44.9,14.1,5,1,0,0,69:49,93,-12,61,2464,19:43,15:36,00:43,03:23,T.J. Oshie
2780:14,72,36,58,287,133,163,9,47,476:27,2171:21,58,50.3,12.5,7,4,0,0,132:26,96,4,108,3386,20:54,16:19,00:59,03:34,Nicklas Backstrom
2209:59,28,22,76,273,141,199,1,1,26:14,1905:33,76,34.4,8.1,3,1,2,3,278:12,79,3,50,3225,15:40,13:30,01:58,00:11,Carl Hagelin
1451:29,32,14,58,163,90,174,1,5,71:07,1237:39,58,48.7,8.6,4,1,2,3,142:43,46,5,46,2033,16:07,13:45,01:35,00:47,Lars Eller
2857:05,50,18,50,335,117,185,12,37,309:11,2257:04,50,5.4,1,0,0,0,290:50,250,-1,68,3515,24:25,19:17,02:29,02:38,John Carlson
1140:19,23,6,8,97,61,46,4,13,173:24,962:55,8,6.2,2,0,0,0,04:00,75,1,29,1560,18:41,15:47,00:03,02:50,Justin Schultz
1478:14,20,2,22,107,68,128,0,3,64:17,1352:40,22,1.9,0,0,0,0,61:17,92,0,22,1788,21:44,19:53,00:54,00:56,Dmitry Orlov
351:44,0,0,4,20,20,34,0,0,01:12,291:09,4,0.0,0,0,0,0,59:23,28,-3,0,450,17:35,14:33,02:58,00:03,Nick Jensen
252:34,0,3,14,19,20,44,0,0,00:55,197:55,14,53.5,15.8,1,1,0,0,53:44,16,-4,3,365,12:37,09:53,02:41,00:02,Nic Dowd
1555:21,35,27,46,259,81,88,6,24,230:49,1320:58,46,42.5,10.4,4,1,0,0,03:34,30,5,62,1904,19:12,16:18,00:02,02:50,Evgeny Kuznetsov
1209:10,17,13,134,106,82,331,1,4,56:49,1020:30,134,36.1,12.3,2,1,0,0,131:51,45,-4,30,1685,14:44,12:26,01:36,00:41,Tom Wilson
87:59,2,0,6,15,5,16,0,1,16:15,71:44,6,50.0,0.0,0,0,0,0,00:00,3,0,2,105,17:35,14:20,00:00,03:15,Anthony Mantha
898:33,15,7,18,112,66,67,0,2,74:58,823:08,18,50.0,6.3,1,1,0,0,00:27,29,-9,22,1311,13:36,12:28,00:00,01:08,Conor Sheary
417:55,1,1,8,36,26,24,0,0,10:33,373:36,8,2.8,0,0,0,0,33:46,25,-7,2,615,16:04,14:22,01:17,00:24,Trevor van Riemsdyk
202:43,1,2,30,24,18,65,0,0,01:15,172:22,30,33.3,8.3,0,0,0,0,29:06,11,-1,3,310,11:15,09:34,01:37,00:04,Garnet Hathaway
31:09,1,0,4,11,3,2,0,0,00:55,30:14,4,0.0,0,0,0,0,00:00,0,0,1,41,10:23,10:04,00:00,00:18,Daniel Sprong
529:27,4,2,14,47,30,47,0,0,03:29,516:42,14,4.3,0,0,0,0,09:16,48,-1,6,669,17:38,17:13,00:18,00:06,Michal Kempny
2826:53,74,45,84,350,137,170,19,47,409:56,2203:14,84,56.6,12.9,11,2,3,5,213:43,70,12,119,3996,20:38,16:04,01:33,02:59,Jonathan Toews
86:25,0,0,2,11,8,6,0,0,09:43,76:42,2,0.0,0,0,0,0,00:00,4,-4,0,124,10:48,09:35,00:00,01:12,Alex Nylander
2789:32,80,52,64,422,136,49,8,41,436:36,2342:02,64,25.8,12.3,11,5,1,1,10:54,32,4,132,3624,20:30,17:13,00:04,03:12,Patrick Kane
1835:12,33,32,53,232,116,185,3,14,227:57,1534:19,53,47.5,13.8,9,2,1,1,72:56,42,7,65,2548,15:49,13:13,00:37,01:57,Tyler Johnson
704:59,4,1,6,33,37,85,0,0,06:22,631:31,6,3.0,0,0,0,0,67:06,81,-3,5,934,19:03,17:04,01:48,00:10,Calvin de Haan
486:06,3,8,14,49,42,58,1,1,40:31,445:34,14,11.1,16.3,0,0,0,0,00:01,20,-5,11,684,11:34,10:36,00:00,00:57,Brett Connolly
199:54,4,0,4,12,9,20,0,0,03:07,171:58,4,0.0,0,0,0,0,24:49,17,-1,4,254,22:12,19:06,02:45,00:20,Connor Murphy
97:40,0,1,8,16,8,26,0,0,01:51,81:40,8,41.1,6.3,0,0,0,0,14:09,2,-2,1,138,12:12,10:12,01:46,00:13,Jujhar Khaira
144:04,4,4,4,21,9,9,3,4,35:36,108:28,4,19.0,2,0,0,0,00:00,0,-2,8,184,16:00,12:03,00:00,03:57,Dominik Kubalik
1094:15,19,5,14,85,37,88,2,12,125:03,883:40,14,5.9,1,0,0,1,85:32,90,-11,24,1324,29:34,23:52,02:18,03:22,Seth Jones
357:25,6,0,6,36,26,50,0,0,03:35,304:34,6,47.8,0.0,0,0,0,0,49:16,15,1,6,509,13:44,11:42,01:53,00:08,Ryan Carpenter
129:49,1,2,2,10,9,4,0,0,15:35,114:00,2,51.4,20.0,0,0,0,0,00:14,4,-3,3,172,14:25,12:40,00:01,01:43,Dylan Strome
23:45,0,0,0,2,2,0,0,0,00:56,22:49,0,0.0,0,0,0,0,00:00,3,1,0,34,11:52,11:24,00:00,00:28,Caleb Jones
104:20,0,0,2,4,10,18,0,0,19:35,84:45,2,46.7,0.0,0,0,0,0,00:00,6,-1,0,165,10:26,08:28,00:00,01:57,Adam Gaudette
149:14,4,2,9,27,9,13,0,1,15:20,133:53,9,0.0,7.4,0,0,0,0,00:01,3,4,6,185,16:34,14:52,00:00,01:42,Alex DeBrincat
51:56,0,0,0,1,3,6,0,0,00:00,46:29,0,0.0,0,0,0,0,05:27,2,-3,0,73,17:18,15:29,01:49,00:00,Riley Stillman
174:39,5,1,4,16,9,13,0,2,35:25,130:07,4,30.9,6.3,0,0,0,0,09:07,9,3,6,211,19:24,14:27,01:00,03:56,Kirby Dach
373:45,11,5,6,39,30,46,2,5,38:12,335:33,6,50.0,12.8,0,0,0,0,00:00,5,-3,16,550,12:27,11:11,00:00,01:16,Robby Fabbri
2345:51,13,7,42,109,107,178,2,2,43:28,2016:55,42,6.4,2,1,1,2,285:28,193,-17,20,3214,21:55,18:50,02:40,00:24,Marc Staal
157:02,4,0,10,26,11,11,0,1,24:07,132:43,10,38.3,0.0,0,0,0,0,00:12,5,-2,4,213,14:16,12:03,00:01,02:11,Sam Gagner
2382:30,26,7,12,140,121,137,2,9,261:10,2079:28,12,5.0,0,0,0,0,41:52,152,-2,33,3030,19:41,17:11,00:20,02:09,Nick Leddy
16:37,0,0,0,2,1,0,0,0,02:42,13:55,0,0.0,0,0,0,0,00:00,1,0,0,23,16:37,13:55,00:00,02:42,Ryan Murphy
396:26,4,5,8,36,41,59,0,0,25:14,365:47,8,47.6,13.9,0,0,0,0,05:25,16,-1,9,574,09:40,08:55,00:07,00:36,Vladislav Namestnikov
410:21,1,1,22,14,19,35,0,0,22:53,332:43,22,7.1,0,0,0,0,54:45,37,-8,2,594,21:35,17:30,02:52,01:12,Danny DeKeyser
273:03,3,0,4,23,23,86,0,0,02:32,229:32,4,51.6,0.0,0,0,0,0,40:59,15,3,3,431,11:52,09:58,01:46,00:06,Carter Rowney
27:02,0,0,2,4,3,9,0,0,00:00,26:17,2,100.0,0.0,0,0,0,0,00:45,1,0,0,41,09:00,08:45,00:15,00:00,Adam Erne
152:06,3,1,0,11,9,7,0,1,09:14,139:51,0,9.1,0,0,0,0,03:01,12,1,4,196,16:54,15:32,00:20,01:01,Jordan Oesterle
490:00,5,3,10,64,38,37,1,1,41:08,448:23,10,40.0,4.7,2,0,0,0,00:29,11,-3,8,678,12:53,11:47,00:00,01:04,Jakub Vrana
72:18,0,1,18,10,5,9,0,0,14:48,56:26,18,50.0,10.0,0,0,0,0,01:04,1,-2,1,103,14:27,11:17,00:12,02:57,Dylan Larkin
85:47,0,1,2,12,7,16,0,0,00:08,80:52,2,48.4,8.3,0,0,0,0,04:47,3,-2,1,138,12:15,11:33,00:41,00:01,Mitchell Stephens
277:40,1,2,10,21,17,24,0,0,04:48,261:12,10,9.5,2,0,0,0,11:40,23,9,3,412,16:20,15:21,00:41,00:16,Troy Stecher
2089:40,30,10,46,258,81,103,2,11,227:25,1680:05,46,3.9,1,0,0,0,182:10,188,-25,40,2610,25:47,20:44,02:14,02:48,Roman Josi
119:12,0,0,8,6,8,36,0,0,00:10,99:18,8,0.0,0,0,0,0,19:44,16,-1,0,176,14:54,12:24,02:28,00:01,Mark Borowiecki
494:46,14,7,6,53,28,36,4,9,83:05,410:31,6,48.6,13.2,3,2,0,0,01:10,14,-2,21,622,17:40,14:39,00:02,02:58,Matt Duchene
1752:13,27,6,74,122,71,72,1,6,116:26,1484:59,74,4.9,1,0,0,0,150:48,96,14,33,2298,24:40,20:54,02:07,01:38,Mattias Ekholm
1221:14,33,19,52,118,63,116,4,16,186:03,987:10,52,54.3,16.1,1,0,1,1,48:01,47,10,52,1665,19:23,15:40,00:45,02:57,Ryan Johansen
1049:19,18,11,10,120,55,68,2,6,130:09,848:23,10,50.0,9.2,3,1,0,0,70:47,47,-3,29,1435,19:04,15:25,01:17,02:21,Mikael Granlund
361:14,5,2,26,36,27,44,1,2,34:35,325:46,26,47.2,5.6,0,0,0,0,00:53,12,-1,7,481,13:22,12:03,00:01,01:16,Nick Cousins
136:03,1,3,4,23,11,10,0,0,01:10,134:53,4,42.1,13.0,0,0,0,0,00:00,3,-1,4,189,12:22,12:15,00:00,00:06,Rocco Grimaldi
1394:18,24,28,34,251,71,128,6,13,203:21,1133:53,34,28.6,11.2,2,0,0,0,57:04,42,5,52,1933,19:38,15:58,00:48,02:51,Filip Forsberg
904:21,13,9,40,63,61,155,1,4,41:59,770:26,40,51.1,14.3,2,0,0,0,91:56,41,-2,22,1388,14:49,12:37,01:30,00:41,Colton Sissons
341:24,4,0,24,14,21,74,0,1,09:50,313:18,24,0.0,0,0,0,0,18:16,21,2,4,502,16:15,14:55,00:52,00:28,Matt Benning
267:58,3,0,6,10,14,29,0,0,01:22,249:15,6,0.0,0,0,0,0,17:21,18,-5,3,391,19:08,17:48,01:14,00:05,Ben Harpur
06:54,0,0,0,0,1,2,0,0,00:00,06:54,0,0,0,0,0,00:00,0,-1,0,13,06:54,06:54,00:00,00:00,Michael McCarron
88:37,0,2,0,10,6,19,0,0,00:43,87:54,0,0.0,20.0,0,0,0,0,00:00,3,-2,2,128,14:46,14:39,00:00,00:07,Yakov Trenin
151:38,2,0,4,16,6,9,0,0,14:54,128:17,4,0.0,0,0,0,0,08:27,10,1,2,196,25:16,21:22,01:24,02:29,Alexandre Carrier
320:27,1,3,8,30,16,50,0,0,03:37,310:45,8,10.0,1,1,0,0,06:05,17,2,4,428,20:01,19:25,00:22,00:13,Philippe Myers
160:24,0,4,4,19,10,39,1,1,23:54,129:18,4,41.7,21.1,1,1,1,1,07:12,7,1,4,226,16:02,12:55,00:43,02:23,Luke Kunin
154:45,1,0,2,5,10,10,0,0,00:29,153:01,2,0.0,0,0,0,0,01:15,15,1,1,214,15:28,15:18,00:07,00:02,Dante Fabbro
65:29,1,0,2,3,5,16,0,0,00:18,64:38,2,0.0,0,0,0,0,00:33,5,-1,1,90,13:05,12:55,00:06,00:03,Tanner Jeannot
27:31,0,0,2,2,2,4,0,0,00:07,27:24,2,0.0,0,0,0,0,00:00,0,-3,0,42,13:45,13:42,00:00,00:03,Mathieu Olivier
12:59,0,0,0,2,1,2,0,0,00:02,12:57,0,0.0,0,0,0,0,00:00,0,-1,0,20,12:59,12:57,00:00,00:02,Cody Glass
76:04,0,0,0,11,4,8,0,0,18:44,57:20,0,100.0,0.0,0,0,0,0,00:00,3,0,0,99,19:01,14:20,00:00,04:41,Eeli Tolvanen
546:00,6,4,10,54,36,96,0,0,03:18,480:40,10,45.3,7.4,1,0,0,0,62:02,16,1,10,811,15:10,13:21,01:43,00:05,Oskar Sundqvist
462:56,10,2,14,41,33,9,0,3,52:36,409:08,14,50.0,4.9,0,0,0,0,01:12,9,-3,12,618,14:01,12:23,00:02,01:35,Robert Thomas
13:08,1,0,0,0,1,0,0,0,00:00,10:50,0,0,0,0,0,02:18,2,1,1,19,13:08,10:50,02:18,00:00,Tommy Cross
1584:24,33,15,74,190,92,140,4,13,239:20,1335:35,74,39.0,7.9,3,0,0,0,09:29,28,4,48,2133,17:13,14:31,00:06,02:36,David Perron
543:29,2,2,40,36,45,78,0,0,01:54,489:15,40,5.6,1,0,0,0,52:20,54,2,4,876,12:04,10:52,01:09,00:02,Robert Bortuzzo
1068:25,3,6,6,77,52,75,1,1,12:38,941:31,6,7.8,0,0,1,1,114:16,80,-8,9,1541,20:32,18:06,02:11,00:14,Marco Scandella
1099:01,29,15,8,107,52,25,3,11,145:22,833:35,8,52.3,14.0,4,1,0,3,120:04,33,1,44,1433,21:08,16:01,02:18,02:47,Ryan O'Reilly
616:28,12,4,62,64,64,165,0,0,04:30,610:01,62,40.0,6.3,1,0,0,0,01:57,15,-6,16,957,09:37,09:31,00:01,00:04,Kyle Clifford
1113:17,21,11,52,114,63,197,4,11,167:09,937:07,52,46.4,9.6,1,1,0,0,09:01,25,-13,32,1493,17:40,14:52,00:08,02:39,Brayden Schenn
611:35,7,2,8,66,26,81,0,1,55:57,486:09,8,3.0,0,0,0,0,69:29,35,3,9,787,23:31,18:41,02:40,02:09,Justin Faulk
1427:57,16,35,6,249,78,102,12,20,219:57,1203:08,6,33.3,14.1,5,0,0,1,04:52,36,-20,51,1993,18:18,15:25,00:03,02:49,Vladimir Tarasenko
1581:43,25,25,30,193,91,133,2,5,150:34,1343:08,30,37.9,13.0,3,0,1,3,88:01,32,16,50,2278,17:22,14:45,00:58,01:39,Brandon Saad
1626:32,43,11,48,193,79,109,6,32,254:23,1356:24,48,5.7,0,0,0,0,15:45,100,-8,54,2061,20:35,17:10,00:11,03:13,Torey Krug
1623:38,19,8,18,176,70,101,2,6,111:32,1406:38,18,4.5,0,0,0,1,105:28,123,4,27,2268,23:11,20:05,01:30,01:35,Colton Parayko
33:52,0,0,6,6,5,14,0,0,00:05,33:47,6,0.0,0.0,0,0,0,0,00:00,2,-2,0,59,06:46,06:45,00:00,00:01,Mackenzie MacEachern
115:45,1,0,6,15,8,9,0,1,21:07,94:33,6,33.3,0.0,0,0,0,0,00:05,6,0,1,163,14:28,11:49,00:00,02:38,Pavel Buchnevich
303:00,6,2,17,30,25,54,1,1,13:08,264:21,17,47.6,6.7,0,0,0,0,25:31,19,2,8,457,12:07,10:34,01:01,00:31,Zach Sanford
485:02,4,3,12,38,38,120,0,0,07:43,431:58,12,45.9,7.9,0,0,0,0,45:21,11,-3,7,741,12:45,11:22,01:11,00:12,Ivan Barbashev
15:24,0,0,0,1,1,1,0,0,00:00,15:13,0,0.0,0,0,0,0,00:11,0,0,0,27,15:24,15:13,00:11,00:00,Jake Walman
58:41,1,0,2,3,4,6,0,0,00:30,53:26,2,0.0,0,0,0,0,04:45,7,0,1,100,14:40,13:21,01:11,00:07,Niko Mikkola
97:41,0,1,0,15,9,1,0,0,06:57,90:44,0,6.7,0,0,0,0,00:00,5,-4,1,143,10:51,10:04,00:00,00:46,Jordan Kyrou
1215:25,12,11,20,126,87,272,3,4,39:31,1007:41,20,39.6,8.7,2,0,1,1,168:13,41,-4,23,1815,13:58,11:34,01:56,00:27,Trevor Lewis
2211:06,47,29,196,229,124,462,6,13,296:03,1914:17,196,50.8,12.7,2,0,0,0,00:46,61,35,76,2790,17:49,15:26,00:00,02:23,Milan Lucic
580:46,7,7,24,88,30,50,2,6,62:26,457:14,24,46.4,8.0,2,1,2,2,61:06,21,-11,14,786,19:21,15:14,02:02,02:04,Mikael Backlund
643:12,9,1,4,33,33,22,0,2,15:42,537:50,4,3.0,1,1,0,1,89:40,90,5,10,901,19:29,16:17,02:43,00:28,Christopher Tanev
266:57,1,2,2,23,22,54,0,0,02:41,236:27,2,0.0,8.7,0,0,0,0,27:49,16,-8,3,429,12:08,10:44,01:15,00:07,Tyler Pitlick
20:05,0,0,0,0,1,4,0,0,00:00,17:04,0,0,0,0,0,03:01,2,-1,0,26,20:05,17:04,03:01,00:00,Kevin Gravel
569:45,11,8,8,75,30,11,5,13,103:21,464:26,8,10.7,0,0,0,0,01:58,8,-8,19,711,18:59,15:28,00:03,03:26,Johnny Gaudreau
895:52,16,10,57,126,53,227,0,0,07:09,770:42,57,58.3,7.9,1,0,2,2,118:01,30,12,26,1280,16:54,14:32,02:13,00:08,Blake Coleman
35:33,0,0,0,2,3,3,0,0,05:29,29:31,0,0.0,0,0,0,0,00:33,3,-2,0,48,11:51,09:50,00:11,01:49,Andy Welinski
21:24,0,0,2,3,3,5,0,0,04:07,17:17,2,0.0,0,0,0,0,00:00,0,-2,0,35,07:08,05:45,00:00,01:22,Brett Ritchie
300:50,5,3,6,31,15,60,2,5,50:49,200:13,6,56.5,9.7,0,0,0,1,49:48,20,-4,8,410,20:03,13:20,03:19,03:23,Elias Lindholm
565:28,11,10,4,68,30,33,6,13,98:06,447:54,4,50.3,14.7,1,0,0,0,19:28,14,-6,21,768,18:50,14:55,00:38,03:16,Sean Monahan
576:59,4,4,74,36,33,138,0,0,08:18,527:35,74,11.1,0,0,0,0,41:06,53,1,8,753,17:29,15:59,01:14,00:15,Nikita Zadorov
216:57,3,3,6,17,15,36,0,1,22:29,191:12,6,50.0,17.6,1,0,0,0,03:16,3,-1,6,298,14:27,12:44,00:13,01:29,Andrew Mangiapane
291:42,5,0,4,29,15,30,0,0,00:53,273:06,4,0.0,0,0,0,0,17:43,20,-1,5,394,19:26,18:12,01:10,00:03,Noah Hanifin
307:34,4,4,8,28,15,17,1,3,13:25,269:48,8,14.3,1,0,0,2,24:21,21,3,8,421,20:30,17:59,01:37,00:53,Rasmus Andersson
250:37,2,3,32,26,15,33,1,1,40:10,209:16,32,66.7,11.5,0,0,0,0,01:11,7,-5,5,326,16:42,13:57,00:04,02:40,Matthew Tkachuk
150:57,1,4,2,30,10,25,1,2,17:37,133:04,2,0.0,13.3,1,0,0,0,00:16,4,1,5,228,15:05,13:18,00:01,01:45,Dillon Dube
33:33,1,0,0,3,2,3,0,0,00:13,32:05,0,0.0,0,0,0,0,01:15,0,1,1,46,16:46,16:02,00:37,00:06,Juuso Valimaki
579:22,4,3,6,63,28,57,0,1,29:50,472:49,6,4.8,0,0,0,1,76:43,58,-4,7,760,20:41,16:53,02:44,01:03,Erik Johnson
1008:05,10,11,28,139,82,268,0,2,31:08,844:29,28,49.0,7.9,2,1,0,0,132:28,26,-7,21,1575,12:17,10:17,01:36,00:22,Darren Helm
604:47,17,12,76,102,36,79,6,9,107:51,494:20,76,49.4,11.8,5,0,0,0,02:36,15,8,29,804,16:47,13:43,00:04,02:59,Nazem Kadri
1031:00,29,16,47,135,49,155,3,12,201:07,818:53,47,51.5,11.9,3,1,0,0,11:00,48,0,45,1211,21:02,16:42,00:13,04:06,Gabriel Landeskog
390:37,2,1,4,18,20,15,0,1,16:41,335:45,4,5.6,0,0,0,0,38:11,40,2,3,522,19:31,16:47,01:54,00:50,Ryan Murray
18:20,0,0,0,1,2,3,0,0,00:04,18:16,0,0.0,0.0,0,0,0,0,00:00,1,-1,0,28,09:10,09:08,00:00,00:02,Jayson Megna
1025:07,22,17,20,111,81,73,1,5,97:14,927:29,20,41.2,15.3,2,0,0,0,00:24,35,11,39,1423,12:39,11:27,00:00,01:12,Andre Burakovsky
650:24,11,8,10,65,43,37,0,2,71:42,496:37,10,46.7,12.3,0,0,1,1,82:05,34,8,19,932,15:07,11:32,01:54,01:40,J.T. Compher
1093:17,41,28,24,206,50,55,7,23,210:50,879:16,24,45.2,13.6,7,2,0,0,03:11,22,15,69,1292,21:51,17:35,00:03,04:13,Nathan MacKinnon
591:08,5,4,16,68,42,102,1,1,57:02,514:39,16,0.0,5.9,0,0,0,0,19:27,25,-4,9,834,14:04,12:15,00:27,01:21,Valeri Nichushkin
858:12,17,4,8,56,40,42,1,8,117:05,715:09,8,7.1,0,0,0,0,25:58,54,10,21,1082,21:27,17:52,00:38,02:55,Devon Toews
892:17,34,18,14,131,43,58,7,19,187:56,703:54,14,43.2,13.7,4,2,0,0,00:27,16,14,52,1046,20:45,16:22,00:00,04:22,Mikko Rantanen
497:25,4,6,12,65,40,49,1,3,45:15,422:06,12,38.9,9.2,0,0,0,0,30:04,17,-3,10,696,12:26,10:33,00:45,01:07,Tyson Jost
783:09,16,1,8,45,37,41,1,3,66:35,701:16,8,2.2,1,0,0,0,15:18,39,-1,17,1024,21:09,18:57,00:24,01:47,Samuel Girard
772:49,24,7,2,73,35,46,4,12,126:26,638:19,2,9.6,3,0,0,0,08:04,37,15,31,935,22:04,18:14,00:13,03:36,Cale Makar
18:12,1,0,0,1,2,12,0,0,00:00,18:12,0,0.0,0,0,0,0,00:00,0,0,1,26,09:06,09:06,00:00,00:00,Kiefer Sherwood
13:43,0,0,0,0,2,2,0,0,00:00,13:43,0,0,0,0,0,00:00,0,-1,0,21,06:51,06:51,00:00,00:00,Sampo Ranta
76:58,1,0,0,8,7,27,0,0,00:32,69:19,0,0.0,0,0,0,0,07:07,5,-3,1,119,10:59,09:54,01:01,00:04,Logan O'Connor
51:13,1,1,2,4,8,5,0,0,00:12,51:01,2,25.0,1,0,0,0,00:00,3,0,2,84,06:24,06:22,00:00,00:01,Alex Newhook
374:57,5,2,0,36,16,13,0,1,54:58,283:29,0,0.0,5.6,0,0,0,0,36:30,34,-2,7,469,23:26,17:43,02:16,03:26,Oscar Klefbom
142:10,1,0,8,10,8,15,0,1,02:58,134:14,8,0.0,0.0,0,0,0,0,04:58,5,-3,1,176,17:46,16:46,00:37,00:22,Kailer Yamamoto
3781:00,68,18,66,302,135,112,2,27,391:49,3008:23,66,6.0,5,1,0,2,380:48,235,24,86,4566,28:00,22:17,02:49,02:54,Duncan Keith
1160:13,17,3,24,57,54,61,1,9,77:11,971:37,24,5.3,1,0,0,0,111:25,167,-4,20,1547,21:29,17:59,02:03,01:25,Kris Russell
1249:40,18,14,68,154,69,104,2,8,154:10,1058:05,68,51.6,9.1,3,3,1,1,37:25,22,-3,32,1647,18:06,15:20,00:32,02:14,Kyle Turris
350:52,1,4,35,32,29,61,0,0,01:10,323:32,35,33.3,12.5,2,0,1,1,26:10,6,-3,5,505,12:05,11:09,00:54,00:02,Zack Kassian
706:24,14,1,8,67,30,33,0,6,112:00,590:54,8,1.5,0,0,0,0,03:30,43,0,15,775,23:32,19:41,00:07,03:44,Tyson Barrie
622:27,8,5,14,75,32,94,0,0,29:34,520:03,14,38.5,6.7,0,0,0,0,72:50,18,-4,13,864,19:27,16:15,02:16,00:55,Zach Hyman
130:06,0,1,8,12,11,41,0,0,00:10,110:02,8,0.0,8.3,0,0,0,0,19:54,3,-1,1,191,11:49,10:00,01:48,00:00,Josh Archibald
426:46,11,3,2,69,21,26,0,8,67:57,304:11,2,45.5,4.3,0,0,0,0,54:38,18,-7,14,555,20:19,14:29,02:36,03:14,Ryan Nugent-Hopkins
794:28,5,1,6,46,36,54,0,0,11:42,686:14,6,2.2,0,0,1,1,96:32,72,-10,6,1057,22:04,19:03,02:40,00:19,Cody Ceci
298:06,4,1,4,21,23,20,0,0,00:31,290:26,4,4.8,0,0,0,0,07:09,20,3,5,426,12:57,12:37,00:18,00:01,Slater Koekkoek
51:40,1,0,0,7,4,11,0,0,00:10,47:59,0,25.0,0.0,0,0,0,0,03:31,1,-3,1,75,12:55,11:59,00:52,00:02,Devin Shore
477:03,5,0,14,37,21,53,0,0,13:15,421:49,14,0.0,0,0,0,1,41:59,32,-3,5,572,22:43,20:05,01:59,00:37,Darnell Nurse
473:31,16,11,21,59,21,30,3,11,85:03,375:47,21,49.2,18.6,1,0,0,0,12:41,9,7,27,532,22:32,17:53,00:36,04:03,Leon Draisaitl
462:42,5,7,18,45,33,60,0,1,20:45,411:18,18,42.9,15.6,2,0,0,0,30:39,11,6,12,706,14:01,12:27,00:55,00:37,Warren Foegele
502:30,11,11,4,63,21,32,4,10,85:30,394:22,4,39.7,17.5,1,0,1,1,22:38,13,2,22,577,23:55,18:46,01:04,04:04,Connor McDavid
177:57,2,1,2,12,15,11,0,0,01:30,132:27,2,50.8,8.3,0,0,0,1,44:00,4,4,3,281,11:51,08:49,02:56,00:06,Derek Ryan
86:50,1,1,0,15,4,8,0,0,06:36,80:14,0,6.7,0,0,0,0,00:00,4,0,2,105,21:42,20:03,00:00,01:39,Jesse Puljujarvi
41:09,0,0,0,4,4,1,0,0,01:36,36:58,0,40.0,0.0,0,0,0,0,02:35,1,-1,0,58,10:17,09:14,00:38,00:24,Ryan McLeod
329:09,11,7,2,38,17,13,4,10,83:48,245:14,2,49.4,18.4,2,0,0,0,00:07,12,2,18,425,19:21,14:25,00:00,04:55,Elias Pettersson
771:55,9,9,8,84,50,62,1,2,37:15,609:20,8,52.5,10.7,1,0,1,2,125:20,43,3,18,1144,15:26,12:11,02:30,00:44,Brandon Sutter
1038:39,8,7,58,86,49,81,1,6,98:27,835:50,58,8.1,0,0,0,0,104:22,50,-4,15,1339,21:11,17:03,02:07,02:00,Tyler Myers
548:29,3,1,33,24,22,51,0,0,08:44,461:35,33,4.2,0,0,0,0,78:10,58,-10,4,651,24:55,20:58,03:33,00:23,Travis Hamonic
616:12,6,2,16,37,25,43,1,5,84:42,461:19,16,0.0,5.4,1,0,0,0,70:11,22,0,8,787,24:38,18:27,02:48,03:23,Oliver Ekman-Larsson
167:36,2,0,0,10,15,22,0,2,26:46,139:29,0,44.4,0.0,0,0,0,0,01:21,5,-6,2,264,11:10,09:17,00:05,01:47,Justin Dowling
1282:10,35,9,58,126,78,186,3,14,215:34,1047:29,58,53.4,7.1,1,0,0,0,19:07,50,3,44,1743,16:26,13:25,00:14,02:45,J.T. Miller
54:24,0,0,2,7,4,0,0,0,14:51,39:04,2,0.0,0,0,0,0,00:29,4,-1,0,68,13:36,09:46,00:07,03:42,Brad Hunt
24:46,0,0,0,2,3,7,0,0,00:19,22:34,0,0.0,0,0,0,0,01:53,1,-3,0,33,08:15,07:31,00:37,00:06,Phillip Di Giuseppe
738:53,14,9,14,104,51,115,1,2,51:59,668:01,14,33.3,8.7,1,1,0,0,18:53,25,4,23,1135,14:29,13:05,00:22,01:01,Tanner Pearson
259:43,1,4,2,29,17,61,0,0,00:34,199:12,2,46.2,13.8,1,0,1,1,59:57,24,0,5,402,15:16,11:43,03:31,00:02,Tyler Motte
246:04,1,1,2,14,14,33,0,0,00:15,217:00,2,7.1,0,0,0,0,28:49,21,1,2,335,17:34,15:30,02:03,00:01,Tucker Poolman
640:34,4,5,12,57,40,92,0,0,05:50,549:42,12,40.5,8.8,0,0,1,1,85:02,45,-7,9,954,16:00,13:44,02:07,00:08,Jason Dickinson
426:29,5,11,6,58,23,38,3,3,79:27,342:22,6,59.3,19.0,2,1,1,1,04:40,18,1,16,597,18:32,14:53,00:12,03:27,Bo Horvat
91:15,1,3,2,8,9,14,0,0,00:15,84:52,2,37.5,1,0,0,0,06:08,7,-1,4,140,10:08,09:25,00:40,00:01,Matthew Highmore
321:13,7,4,10,31,17,16,2,6,72:08,249:05,10,66.7,12.9,1,0,0,0,00:00,14,-1,11,414,18:53,14:39,00:00,04:14,Brock Boeser
99:17,1,1,0,17,8,7,0,0,12:22,86:55,0,0.0,5.9,1,0,0,0,00:00,4,1,2,149,12:24,10:51,00:00,01:32,Conor Garland
06:16,0,0,0,0,1,0,0,0,00:00,05:42,0,0,0,0,0,00:34,0,0,0,11,06:16,05:42,00:34,00:00,Olli Juolevi
45:31,0,0,9,7,6,12,0,0,00:53,44:38,9,0.0,0.0,0,0,0,0,00:00,0,1,0,80,07:35,07:26,00:00,00:08,Zack MacEwen
06:33,0,0,0,2,1,3,0,0,00:00,06:33,0,0.0,0,0,0,0,00:00,0,0,0,14,06:33,06:33,00:00,00:00,Sheldon Dries
13:13,0,0,0,0,1,2,0,0,00:00,13:13,0,0,0,0,0,00:00,2,-1,0,17,13:13,13:13,00:00,00:00,Brady Keeper
2707:31,83,37,137,328,125,248,15,48,481:47,1974:13,137,46.0,11.3,6,0,2,3,251:31,135,12,120,3411,21:39,15:47,02:00,03:51,Ryan Getzlaf
1744:49,39,8,47,190,85,140,2,17,225:00,1465:17,47,4.2,3,2,0,1,54:32,137,-7,47,2215,20:31,17:14,00:38,02:38,Kevin Shattenkirk
485:05,8,5,11,49,28,45,0,2,62:15,374:13,11,43.9,10.2,3,2,0,1,48:37,21,10,13,706,17:19,13:21,01:44,02:13,Adam Henrique
234:01,2,0,8,30,19,30,0,0,11:33,189:43,8,48.7,0.0,0,0,0,0,32:45,10,-3,2,383,12:19,09:59,01:43,00:36,Derek Grant
1207:21,27,18,38,168,69,84,4,9,107:45,971:25,38,35.3,10.7,4,1,0,0,128:11,45,0,45,1789,17:29,14:04,01:51,01:33,Jakob Silfverberg
1494:57,27,6,14,106,62,48,2,17,201:58,1167:22,14,5.7,0,0,0,0,125:37,83,3,33,1866,24:06,18:49,02:01,03:15,Cam Fowler
438:05,3,0,20,34,22,68,0,0,02:04,373:08,20,0.0,0,0,0,0,62:53,31,-3,3,560,19:54,16:57,02:51,00:05,Josh Manson
695:49,8,11,2,94,46,95,2,4,65:21,629:38,2,50.7,11.7,1,1,0,0,00:50,21,1,19,963,15:07,13:41,00:01,01:25,Rickard Rakell
1207:35,17,4,22,71,55,68,1,5,89:42,991:02,22,5.6,0,0,0,0,126:51,80,11,21,1562,21:57,18:01,02:18,01:37,Hampus Lindholm
10:45,0,0,0,0,1,6,0,0,00:00,10:45,0,0,0,0,0,00:00,0,0,0,15,10:45,10:45,00:00,00:00,Buddy Robinson
27:03,0,0,0,0,4,1,0,0,04:26,22:37,0,0,0,0,0,00:00,0,0,0,39,06:45,05:39,00:00,01:06,Sonny Milano
09:34,0,0,0,0,1,1,0,0,00:00,09:34,0,0,0,0,0,00:00,0,0,0,13,09:34,09:34,00:00,00:00,Alexander Volkov
1116:53,28,21,67,148,64,95,5,14,176:43,939:08,67,66.7,14.2,6,3,0,0,01:02,41,8,49,1516,17:27,14:40,00:00,02:45,Alexander Radulov
2390:50,25,6,44,168,88,133,3,13,308:25,1869:19,44,3.6,0,0,0,2,213:06,147,-25,31,2831,27:10,21:14,02:25,03:30,Ryan Suter
3250:55,58,61,78,475,161,278,25,47,594:11,2441:32,78,52.5,12.8,12,3,0,1,215:12,180,3,119,4368,20:11,15:09,01:20,03:41,Joe Pavelski
780:51,6,6,66,60,53,201,0,0,02:53,678:06,66,28.3,10.0,0,0,0,0,99:52,36,-7,12,1182,14:43,12:47,01:53,00:03,Blake Comeau
746:30,3,2,13,41,46,55,0,0,35:02,575:48,13,4.9,0,0,0,0,135:40,73,-1,5,1014,16:13,12:31,02:56,00:45,Andrej Sekera
1126:38,30,19,56,160,59,157,5,12,187:49,904:00,56,53.6,11.9,3,0,2,2,34:49,42,7,49,1583,19:05,15:19,00:35,03:11,Jamie Benn
119:32,3,1,4,7,6,16,0,0,00:00,110:34,4,14.3,1,0,0,0,08:58,7,5,4,158,19:55,18:25,01:29,00:00,Alexander Petrovic
1508:32,32,13,20,267,88,146,1,9,240:40,1241:42,20,51.3,4.9,2,1,0,1,26:10,32,11,45,2116,17:08,14:06,00:17,02:44,Tyler Seguin
185:41,0,0,4,16,11,49,0,0,00:16,163:40,4,0.0,0,0,0,0,21:45,14,-3,0,241,16:52,14:52,01:58,00:01,Jani Hakanpaa
1249:32,27,7,22,95,52,84,1,10,159:00,1085:33,22,7.4,4,1,0,0,04:59,60,-2,34,1454,24:01,20:52,00:05,03:03,John Klingberg
262:30,2,3,8,18,17,19,0,0,03:24,199:17,8,46.9,16.7,1,0,1,1,59:49,19,-3,5,404,15:26,11:43,03:31,00:12,Luke Glendening
735:09,8,6,12,55,45,86,3,5,49:28,607:08,12,49.3,10.9,3,0,0,0,78:33,31,-2,14,1130,16:20,13:29,01:44,01:05,Radek Faksa
1018:14,10,2,6,56,40,108,0,2,32:36,817:54,6,3.6,1,0,0,0,167:44,103,-8,12,1207,25:27,20:26,04:11,00:48,Esa Lindell
409:52,3,5,10,38,32,92,0,0,05:42,374:52,10,44.4,13.2,2,0,0,0,29:18,18,-3,8,635,12:48,11:42,00:54,00:10,Michael Raffl
148:40,1,1,4,6,13,10,0,0,00:01,146:07,4,16.7,0,0,0,0,02:32,14,3,2,229,11:26,11:14,00:11,00:00,Joel Hanley
552:24,14,7,12,78,38,61,2,10,72:38,450:00,12,50.6,9.0,0,0,0,1,29:46,32,-4,21,878,14:32,11:50,00:47,01:54,Roope Hintz
374:55,8,9,2,54,27,96,2,7,53:06,321:34,2,50.0,16.7,2,1,0,0,00:15,8,0,17,558,13:53,11:54,00:00,01:58,Denis Gurianov
54:33,0,0,0,4,4,8,0,0,00:00,47:55,0,59.0,0.0,0,0,0,0,06:38,4,-2,0,80,13:38,11:58,01:39,00:00,Tanner Kero
49:38,0,0,0,3,4,13,0,0,00:00,49:38,0,0.0,0,0,0,0,00:00,2,-4,0,82,12:24,12:24,00:00,00:00,Nick Caamano
1032:51,22,8,4,90,40,55,3,9,97:54,870:04,4,8.9,0,0,0,0,64:53,62,8,30,1243,25:49,21:45,01:37,02:26,Miro Heiskanen
10:58,0,0,0,0,1,1,0,0,00:00,10:58,0,0,0,0,0,00:00,1,0,0,14,10:58,10:58,00:00,00:00,Thomas Harley
178:52,1,5,4,21,14,37,1,1,14:24,163:56,4,0.0,23.8,1,1,0,0,00:32,8,7,6,284,12:46,11:42,00:02,01:01,Joel Kiviranta
1604:22,28,19,84,197,85,413,6,13,197:53,1274:30,84,32.3,9.6,5,1,2,5,131:59,39,14,47,2225,18:52,14:59,01:33,02:19,Dustin Brown
1916:03,30,8,60,167,82,191,3,11,208:05,1474:44,60,4.8,0,0,0,0,233:14,208,8,38,2485,23:21,17:59,02:50,02:32,Alexander Edler
1722:47,45,21,39,171,79,171,4,21,267:54,1292:56,39,52.4,12.3,4,2,2,3,161:57,66,24,66,2189,21:48,16:21,02:03,03:23,Anze Kopitar
2340:01,35,16,66,176,84,165,6,25,346:59,1761:37,66,0.0,9.1,1,0,0,1,231:25,159,-3,51,2873,27:51,20:58,02:45,04:07,Drew Doughty
712:06,7,2,14,73,38,86,0,0,10:50,591:03,14,54.7,2.7,0,0,0,0,110:13,41,-1,9,1083,18:44,15:33,02:54,00:17,Phillip Danault
1490:43,22,5,24,92,78,109,0,1,72:26,1304:48,24,5.4,1,0,0,0,113:29,113,28,27,2096,19:06,16:43,01:27,00:55,Olli Maatta
87:15,0,1,2,17,9,7,0,0,02:08,85:07,2,5.9,1,0,0,0,00:00,0,-1,1,120,09:41,09:27,00:00,00:14,Andreas Athanasiou
59:02,0,0,2,6,4,17,0,0,06:42,52:19,2,36.7,0.0,0,0,0,0,00:01,1,-2,0,93,14:45,13:04,00:00,01:40,Adrian Kempe
14:08,0,0,0,5,1,1,0,0,00:31,12:25,0,0.0,0,0,0,0,01:12,1,0,0,21,14:08,12:25,01:12,00:31,Brendan Lemieux
1050:52,15,12,39,154,61,46,1,3,121:45,882:21,39,36.8,7.8,3,1,0,0,46:46,43,-4,27,1477,17:13,14:27,00:46,01:59,Viktor Arvidsson
54:24,0,1,0,6,7,18,0,0,00:00,52:32,0,16.7,0,0,0,0,01:52,0,1,1,88,07:46,07:30,00:16,00:00,Trevor Moore
40:39,0,1,0,3,3,7,0,0,00:00,40:39,0,33.3,0,0,0,0,00:00,2,-1,1,54,13:33,13:33,00:00,00:00,Alex Iafallo
739:10,13,8,16,70,55,66,0,0,06:34,633:47,16,16.7,11.4,0,0,2,2,98:49,33,11,21,1104,13:26,11:31,01:47,00:07,Matt Nieto
2285:23,42,20,85,300,94,239,8,25,341:08,1782:05,85,22.2,6.7,0,0,0,0,162:10,142,5,62,2858,24:18,18:57,01:43,03:37,Brent Burns
1429:10,19,10,41,166,100,191,0,0,10:43,1243:08,41,41.8,6.0,1,0,2,2,175:19,41,-6,29,2355,14:17,12:25,01:45,00:06,Andrew Cogliano
3215:07,33,6,42,171,142,145,1,7,140:22,2700:07,42,3.5,1,0,0,2,374:38,304,20,39,4224,22:38,19:00,02:38,00:59,Marc-Edouard Vlasic
1726:52,29,19,45,177,105,80,3,7,161:06,1339:03,45,50.0,10.7,6,3,0,1,226:43,142,6,48,2566,16:26,12:45,02:09,01:32,Nick Bonino
2154:23,53,48,31,326,116,168,16,36,360:01,1641:24,31,47.0,14.7,8,2,1,1,152:58,105,3,101,3081,18:34,14:09,01:19,03:06,Logan Couture
1778:36,45,8,34,192,67,81,3,20,276:54,1427:00,34,4.2,3,1,0,0,74:42,106,4,53,1976,26:32,21:17,01:06,04:07,Erik Karlsson
561:00,7,6,84,92,29,104,2,3,59:50,473:12,84,32.9,6.5,1,0,0,0,27:58,11,-9,13,744,19:20,16:19,00:57,02:03,Evander Kane
1183:33,18,24,20,177,62,108,8,14,175:47,937:30,20,57.2,13.6,5,1,1,1,70:16,44,9,42,1639,19:05,15:07,01:08,02:50,Tomas Hertl
440:26,9,5,16,49,30,22,2,8,101:08,337:32,16,42.9,10.2,1,0,0,0,01:46,7,-8,14,603,14:40,11:15,00:03,03:22,Kevin Labanc
553:33,13,7,46,94,35,132,2,4,63:40,481:47,46,45.5,7.4,1,0,0,0,08:06,20,2,20,808,15:48,13:45,00:13,01:49,Timo Meier
19:30,0,1,2,3,2,2,0,0,00:00,19:30,2,40.0,33.3,0,0,0,0,00:00,0,0,1,27,09:45,09:45,00:00,00:00,Dylan Gambrell
697:45,7,8,28,110,37,130,3,5,55:50,593:54,28,50.6,7.3,1,0,0,1,48:01,37,-11,15,951,18:51,16:03,01:17,01:30,Boone Jenner
782:09,9,4,15,73,29,48,3,5,78:57,661:05,15,5.5,2,0,0,0,42:07,55,2,13,964,26:58,22:47,01:27,02:43,Zach Werenski
147:47,1,3,18,27,11,30,0,0,10:27,137:04,18,33.3,11.1,0,0,0,0,00:16,2,1,4,219,13:26,12:27,00:01,00:57,Nathan Gerbe
830:17,19,9,54,107,49,52,5,11,164:34,665:02,54,53.8,8.4,3,1,0,0,00:41,10,-2,28,1138,16:56,13:34,00:00,03:21,Jakub Voracek
1008:46,16,5,14,109,65,78,1,1,146:19,854:38,14,20.0,4.6,1,1,0,0,07:49,19,4,21,1417,15:31,13:08,00:07,02:15,Gustav Nyquist
113:29,0,0,68,9,19,59,0,0,00:31,112:45,68,0.0,0,0,0,0,00:13,6,-5,0,176,05:58,05:56,00:00,00:01,Zac Rinaldo
778:53,10,9,24,105,57,130,0,0,01:55,677:42,24,48.1,8.6,4,1,1,1,99:16,31,2,19,1142,13:39,11:53,01:44,00:02,Sean Kuraly
192:01,4,0,12,10,14,24,0,0,01:55,164:42,12,0.0,0,0,0,0,25:24,19,3,4,281,13:42,11:45,01:48,00:08,Scott Harrington
477:14,6,6,0,64,31,29,2,3,56:27,420:47,0,0.0,9.4,3,0,0,0,00:00,18,-8,12,621,15:23,13:34,00:00,01:49,Oliver Bjorkstrand
143:32,3,0,8,14,10,9,0,2,23:08,119:26,8,50.9,0.0,0,0,0,0,00:58,3,-2,3,209,14:21,11:56,00:05,02:18,Max Domi
221:30,5,0,2,19,20,16,0,0,14:24,206:48,2,50.0,0.0,0,0,0,0,00:18,4,4,5,310,11:04,10:20,00:00,00:43,Jack Roslovic
54:48,0,0,0,2,5,1,0,0,00:00,54:18,0,0.0,0,0,0,0,00:30,3,1,0,88,10:57,10:51,00:06,00:00,Gabriel Carlsson
270:21,1,1,9,24,19,14,0,0,04:03,265:09,9,4.2,0,0,0,0,01:09,15,0,2,392,14:13,13:57,00:03,00:12,Dean Kukan
16:52,0,1,0,2,2,2,1,1,06:56,09:56,0,50.0,50.0,0,0,0,0,00:00,0,1,1,21,08:26,04:58,00:00,03:28,Kevin Stenlund
264:36,2,1,6,16,12,21,0,0,01:04,245:11,6,6.3,0,0,0,0,18:21,28,-6,3,362,22:03,20:25,01:31,00:05,Vladislav Gavrikov
429:39,8,8,4,77,24,43,4,8,77:35,350:03,4,25.0,10.4,0,0,0,0,02:01,13,3,16,496,17:54,14:35,00:05,03:13,Patrik Laine
158:27,0,1,4,10,11,2,1,1,16:50,140:11,4,10.0,0,0,0,0,01:26,8,-3,1,212,14:24,12:44,00:07,01:31,Jake Bean
310:03,5,2,4,35,18,14,1,4,28:39,273:43,4,50.0,5.7,0,0,0,0,07:41,5,-2,7,403,17:13,15:12,00:25,01:35,Alexandre Texier
45:45,0,0,2,4,5,2,0,0,06:54,38:51,2,50.0,0.0,0,0,0,0,00:00,1,-1,0,70,09:09,07:46,00:00,01:22,Emil Bemstrom
88:00,0,1,0,14,10,10,0,0,00:02,87:58,0,7.1,0,0,0,0,00:00,7,0,1,122,08:48,08:47,00:00,00:00,Eric Robinson
167:07,1,1,0,20,10,4,0,0,08:33,158:25,0,0.0,5.0,0,0,0,0,00:09,3,-1,2,214,16:42,15:50,00:00,00:51,Liam Foudy
107:59,0,0,4,7,8,10,0,0,12:18,94:57,4,0.0,0,0,0,0,00:44,8,-5,0,151,13:29,11:52,00:05,01:32,Adam Boqvist
132:03,1,2,4,10,7,14,1,1,12:29,119:34,4,20.0,0,0,0,0,00:00,5,-3,3,153,18:51,17:04,00:00,01:47,Kirill Kaprizov
957:50,14,7,18,66,43,63,1,9,104:16,763:26,18,10.6,1,0,0,0,90:08,69,-1,21,1191,22:16,17:45,02:05,02:25,Alex Goligoski
1275:36,16,8,16,81,55,64,5,12,121:17,1042:39,16,9.9,0,0,0,0,111:40,126,-14,24,1691,23:11,18:57,02:01,02:12,Jared Spurgeon
416:44,4,0,12,22,23,34,0,0,09:10,358:35,12,0.0,0,0,0,0,48:59,41,3,4,603,18:07,15:35,02:07,00:23,Jordie Benn
526:33,6,1,18,39,27,62,0,0,17:34,469:40,18,2.6,0,0,0,0,39:19,28,-5,7,698,19:30,17:23,01:27,00:39,Dmitry Kulikov
217:51,3,1,21,17,16,91,0,0,00:52,194:42,21,0.0,5.9,0,0,0,0,22:17,15,-4,4,305,13:36,12:10,01:23,00:03,Marcus Foligno
1452:35,31,15,54,167,84,151,2,15,239:54,1190:45,54,25.0,9.0,3,0,0,0,21:56,73,3,46,1987,17:17,14:10,00:15,02:51,Mats Zuccarello
436:30,1,0,10,13,29,31,0,0,02:41,405:32,10,0.0,0,0,0,0,28:17,56,-2,1,571,15:03,13:59,00:58,00:05,Jon Merrill
206:53,2,3,6,43,15,50,0,0,15:12,190:21,6,44.5,7.0,1,0,0,0,01:20,7,3,5,279,13:47,12:41,00:05,01:00,Nick Bjugstad
19:42,0,0,0,2,2,4,0,0,00:00,18:58,0,0.0,0,0,0,0,00:44,1,-1,0,28,09:51,09:29,00:22,00:00,Kyle Rau
104:04,0,0,0,7,7,6,0,0,11:10,92:54,0,39.8,0.0,0,0,0,0,00:00,6,-2,0,130,14:52,13:16,00:00,01:35,Victor Rask
1233:15,12,1,16,45,55,45,0,3,52:53,1064:50,16,2.2,0,0,0,0,115:32,95,-4,13,1610,22:25,19:21,02:06,00:57,Jonas Brodin
768:02,8,4,33,57,37,79,2,3,81:33,652:09,33,7.0,1,0,0,0,34:20,56,-8,12,933,20:45,17:37,00:55,02:12,Matt Dumba
319:24,1,4,35,41,24,33,0,0,07:19,287:32,35,49.0,9.8,2,0,0,0,24:33,19,-8,5,442,13:18,11:58,01:01,00:18,Ryan Hartman
172:37,2,4,2,21,14,13,0,0,00:36,165:42,2,47.0,19.0,2,0,0,1,06:19,6,5,6,261,12:19,11:50,00:27,00:02,Frederick Gaudreau
446:34,3,9,20,85,29,40,4,4,43:57,402:03,20,33.3,10.6,3,2,0,0,00:34,11,-9,12,587,15:23,13:51,00:01,01:30,Kevin Fiala
230:08,3,2,10,17,16,56,0,0,04:50,219:39,10,25.0,11.8,1,0,0,0,05:39,10,1,5,306,14:23,13:43,00:21,00:18,Jordan Greenway
269:07,2,3,4,44,19,49,0,0,05:52,232:37,4,42.8,6.8,1,1,0,0,30:38,10,1,5,367,14:09,12:14,01:36,00:18,Joel Eriksson Ek
36:48,1,0,0,0,3,2,0,0,00:00,36:48,0,0,0,0,0,00:00,1,-1,1,50,12:16,12:16,00:00,00:00,Calen Addison
100:03,1,2,0,7,9,18,0,0,00:00,85:32,0,40.0,28.6,0,0,0,0,14:31,4,0,3,145,11:07,09:30,01:36,00:00,Nico Sturm
429:15,8,4,2,42,27,27,1,1,42:47,361:46,2,51.2,9.5,0,0,1,1,24:42,9,3,12,596,15:53,13:23,00:54,01:35,Bryan Little
288:58,5,0,9,16,21,31,0,1,24:11,248:11,9,0.0,0,0,0,0,16:36,21,2,5,410,13:45,11:49,00:47,01:09,Nathan Beaulieu
1092:38,31,8,29,124,60,122,2,12,129:54,916:26,29,51.6,6.5,1,0,0,0,46:18,32,-15,39,1399,18:12,15:16,00:46,02:09,Blake Wheeler
1961:32,43,26,54,195,103,130,5,18,281:23,1571:52,54,52.9,13.3,9,2,1,1,108:17,61,2,69,2618,19:02,15:15,01:03,02:43,Paul Stastny
505:12,6,2,10,38,34,56,0,0,05:34,455:30,10,55.4,5.3,0,0,0,0,44:08,30,-5,8,727,14:51,13:23,01:17,00:09,Riley Nash
1280:50,10,1,81,57,75,228,0,0,06:46,1181:15,81,1.8,0,0,0,0,92:49,104,-14,11,1806,17:04,15:45,01:14,00:05,Brenden Dillon
345:07,1,0,8,31,19,34,0,0,10:45,301:28,8,0.0,0,0,0,0,32:54,23,7,1,458,18:09,15:52,01:43,00:33,Dylan DeMelo
576:04,8,5,12,53,39,124,0,0,08:30,485:36,12,51.1,9.4,0,0,1,1,81:58,19,-3,13,876,14:46,12:27,02:06,00:13,Adam Lowry
694:47,13,18,39,75,33,36,6,7,91:03,585:40,39,47.0,24.0,1,0,0,0,18:04,30,5,31,816,21:03,17:44,00:32,02:45,Mark Scheifele
53:36,0,1,2,2,6,14,0,0,00:00,50:26,2,42.9,50.0,1,0,0,0,03:10,2,-1,1,87,08:56,08:24,00:31,00:00,Dominic Toninato
1415:58,19,6,16,137,68,64,0,4,98:12,1210:20,16,4.4,0,0,0,1,107:26,92,12,25,1828,20:49,17:47,01:34,01:26,Nate Schmidt
534:59,9,3,14,47,34,54,1,2,30:11,441:38,14,50.8,6.4,0,0,0,0,63:10,16,-3,12,723,15:44,12:59,01:51,00:53,Andrew Copp
727:58,7,2,16,49,34,58,0,1,25:48,661:18,16,4.1,0,0,0,0,40:52,74,-7,9,944,21:24,19:27,01:12,00:45,Josh Morrissey
503:53,8,4,6,73,31,29,2,4,56:20,447:29,6,42.9,5.5,2,1,0,0,00:04,14,-5,12,650,16:15,14:26,00:00,01:49,Nikolaj Ehlers
711:21,14,9,2,92,35,15,2,4,79:05,618:24,2,0.0,9.8,2,2,0,0,13:52,12,-5,23,845,20:19,17:40,00:23,02:15,Kyle Connor
43:11,0,1,4,3,4,7,0,0,00:05,43:06,4,100.0,33.3,0,0,0,0,00:00,0,-2,1,64,10:47,10:46,00:00,00:01,Jansen Harkins
123:04,1,2,4,14,8,21,0,0,00:17,112:26,4,14.3,0,0,0,0,10:21,22,6,3,181,15:23,14:03,01:17,00:02,Logan Stanley
666:45,14,8,32,77,33,91,1,6,87:15,577:02,32,46.6,10.4,1,1,0,0,02:28,22,-5,22,855,20:12,17:29,00:04,02:38,Pierre-Luc Dubois
42:51,0,0,0,3,4,8,0,0,00:17,42:34,0,100.0,0.0,0,0,0,0,00:00,3,0,0,59,10:42,10:38,00:00,00:04,Kristian Vesalainen
300:17,6,0,2,27,12,40,0,3,35:04,258:59,2,0.0,0,0,0,0,06:14,17,-8,6,371,25:01,21:34,00:31,02:55,Neal Pionk
1341:52,12,9,36,90,102,155,1,1,06:33,1086:31,36,57.6,10.0,2,0,0,1,248:48,71,0,21,2096,13:09,10:39,02:26,00:03,Jay Beagle
761:48,8,6,18,78,44,16,2,3,70:15,647:21,18,60.0,7.7,0,0,0,0,44:12,19,2,14,993,17:18,14:42,01:00,01:35,Loui Eriksson
841:44,9,9,48,112,65,199,0,0,43:11,786:40,48,16.7,8.0,2,1,0,0,11:53,23,2,18,1349,12:56,12:06,00:10,00:39,Andrew Ladd
2338:55,20,6,28,147,113,178,2,7,144:39,1978:58,28,4.1,0,0,0,0,215:18,135,-4,26,3007,20:41,17:30,01:54,01:16,Anton Stralman
1669:42,47,34,22,300,96,33,12,35,328:56,1337:41,22,16.7,11.3,4,0,0,1,03:05,22,21,81,2165,17:23,13:56,00:01,03:25,Phil Kessel
392:24,5,4,89,31,36,78,0,0,11:38,348:53,89,20.0,12.9,0,0,0,0,31:53,14,3,9,676,10:54,09:41,00:53,00:19,Antoine Roussel
348:08,1,3,8,21,28,42,1,1,21:07,326:38,8,25.0,14.3,0,0,0,0,00:23,5,2,4,482,12:26,11:39,00:00,00:45,Ryan Dzingel
64:34,0,1,0,6,6,3,0,0,03:12,61:05,0,34.0,16.7,0,0,0,0,00:17,4,0,1,90,10:45,10:10,00:02,00:32,Travis Boyd
154:26,2,2,11,21,14,34,0,0,06:33,147:53,11,9.5,1,0,0,0,00:00,5,0,4,239,11:01,10:33,00:00,00:28,Dmitrij Jaskin
330:25,3,2,10,38,17,17,2,2,64:36,263:08,10,5.3,0,0,0,0,02:41,27,-6,5,414,19:26,15:28,00:09,03:48,Shayne Gostisbehere
61:28,0,0,2,2,4,4,0,0,04:28,57:00,2,57.1,0.0,0,0,0,0,00:00,4,-2,0,83,15:22,14:15,00:00,01:07,Nick Schmaltz
100:54,1,0,6,12,9,23,0,0,00:00,100:54,6,50.0,0.0,0,0,0,0,00:00,5,0,1,170,11:12,11:12,00:00,00:00,Christian Fischer
131:02,0,2,2,13,9,35,0,0,00:25,111:35,2,100.0,15.4,0,0,0,0,19:02,8,1,2,210,14:33,12:23,02:06,00:02,Lawson Crouse
154:40,3,4,0,17,9,5,1,1,28:50,125:36,0,0.0,23.5,0,0,0,0,00:14,4,1,7,200,17:11,13:57,00:01,03:12,Clayton Keller
166:13,0,1,8,17,9,13,1,1,16:54,144:33,8,5.9,0,0,0,0,04:46,19,-4,1,218,18:28,16:03,00:31,01:52,Jakob Chychrun
130:00,0,0,4,8,12,17,0,0,00:46,126:38,4,0.0,0,0,0,0,02:36,8,-1,0,187,10:50,10:33,00:13,00:03,Conor Timmins
69:10,1,0,2,7,4,3,0,1,11:59,57:11,2,0.0,0,0,0,0,00:00,2,1,1,97,17:17,14:17,00:00,02:59,Evgenii Dadonov
1379:46,24,25,55,276,74,129,6,12,223:36,1110:01,55,45.8,9.1,7,0,1,1,46:09,29,4,49,1834,18:38,15:00,00:37,03:01,Max Pacioretty
1888:14,18,12,43,156,103,135,6,12,222:13,1554:16,43,7.7,5,2,0,0,111:45,216,11,30,2564,18:19,15:05,01:05,02:09,Alec Martinez
2965:46,51,12,62,320,111,113,1,16,299:05,2397:48,62,3.8,2,0,0,0,268:53,268,16,63,3692,26:43,21:36,02:25,02:41,Alex Pietrangelo
1296:44,10,3,44,66,65,227,0,0,11:36,1098:49,44,4.5,1,0,0,0,186:19,131,6,13,1716,19:56,16:54,02:51,00:10,Brayden McNabb
1568:39,43,22,22,210,84,134,5,18,204:52,1225:30,22,22.2,10.5,5,1,0,1,138:17,30,27,65,2085,18:40,14:35,01:38,02:26,Reilly Smith
1426:22,27,23,30,143,73,97,3,11,205:55,1137:56,30,41.7,16.1,3,1,1,2,82:31,61,9,50,1782,19:32,15:35,01:07,02:49,Mark Stone
1390:32,30,19,6,166,71,96,3,10,176:06,1080:42,6,49.5,11.4,2,1,2,2,133:44,59,25,49,1769,19:35,15:13,01:53,02:28,William Karlsson
19:19,0,0,0,0,2,1,0,0,00:00,19:19,0,0,0,0,0,00:00,1,0,0,33,09:39,09:39,00:00,00:00,Sven Baertschi
1241:03,26,21,50,230,73,202,5,11,177:38,1062:06,50,37.5,9.1,3,0,0,0,01:19,23,19,47,1560,17:00,14:32,00:01,02:26,Jonathan Marchessault
1039:35,13,5,14,55,66,84,0,1,32:09,896:19,14,47.6,9.1,0,0,1,1,111:07,40,11,18,1437,15:45,13:34,01:41,00:29,Chandler Stephenson
883:05,16,8,48,79,61,64,0,1,15:07,797:23,48,31.9,10.1,1,0,0,1,70:35,27,-3,24,1241,14:28,13:04,01:09,00:14,Mattias Janmark
1813:35,41,14,36,211,86,29,4,18,239:22,1549:12,36,6.6,2,0,0,0,25:01,117,17,55,2254,21:05,18:00,00:17,02:47,Shea Theodore
509:36,3,3,32,77,56,255,0,0,03:29,505:04,32,50.0,3.9,2,0,0,0,01:03,12,0,6,818,09:06,09:01,00:01,00:03,William Carrier
211:53,0,3,0,24,22,68,0,0,02:39,206:01,0,53.7,12.5,1,0,0,0,03:13,7,-1,3,321,09:37,09:21,00:08,00:07,Patrick Brown
1062:35,14,19,34,157,66,146,5,9,149:27,895:37,34,40.9,12.1,6,1,0,0,17:31,44,11,33,1348,16:05,13:34,00:15,02:15,Alex Tuch
192:36,3,1,4,14,17,64,0,0,00:21,192:11,4,39.6,7.1,0,0,0,0,00:04,6,-2,4,298,11:19,11:18,00:00,00:01,Keegan Kolesar
557:04,12,5,14,44,39,109,0,0,06:36,504:27,14,52.1,11.4,2,1,0,0,46:01,20,2,17,792,14:17,12:56,01:10,00:10,Nicolas Roy
46:48,0,0,4,2,3,15,0,0,01:26,34:12,4,52.4,0.0,0,0,0,0,11:10,3,-3,0,64,15:36,11:24,03:43,00:28,Brett Howden
154:47,1,1,6,13,10,24,0,0,00:02,142:22,6,7.7,0,0,0,0,12:23,8,2,2,207,15:28,14:14,01:14,00:00,Nicolas Hague
662:52,4,3,22,36,39,82,0,0,00:33,569:55,22,8.3,0,0,0,0,92:24,84,4,7,890,16:59,14:36,02:22,00:00,Zach Whitecloud
509:57,6,1,14,46,23,34,1,5,53:57,382:09,14,2.2,0,0,0,0,73:51,48,-7,7,665,22:10,16:36,03:12,02:20,Mark Giordano
1043:41,23,13,18,146,62,68,4,14,156:49,885:09,18,33.3,8.9,3,1,0,0,01:43,23,-1,36,1340,16:50,14:16,00:01,02:31,Jordan Eberle
1655:01,28,13,6,156,97,144,4,9,241:06,1368:47,6,38.6,8.3,3,1,0,0,45:08,35,-15,41,2082,17:03,14:06,00:27,02:29,Marcus Johansson
996:15,12,3,10,64,63,53,0,3,55:38,840:41,10,48.4,4.7,1,0,0,0,99:56,24,-12,15,1539,15:48,13:20,01:35,00:52,Calle Jarnkrok
1642:08,28,26,16,213,88,167,6,9,202:30,1398:35,16,44.3,12.2,6,0,0,1,41:03,62,-5,54,2338,18:39,15:53,00:27,02:18,Jaden Schwartz
484:36,4,3,10,42,33,46,2,2,53:38,358:47,10,51.6,7.1,1,0,0,0,72:11,18,-5,7,705,14:41,10:52,02:11,01:37,Riley Sheahan
995:44,17,15,10,85,69,37,1,6,114:40,853:34,10,20.0,17.6,4,1,0,0,27:30,38,-3,32,1479,14:25,12:22,00:23,01:39,Joonas Donskoi
526:25,6,3,10,23,24,66,0,0,03:30,468:52,10,13.0,1,0,0,0,54:03,40,-6,9,693,21:56,19:32,02:15,00:08,Adam Larsson
794:55,4,6,33,53,43,170,0,0,05:00,727:41,33,11.3,2,0,0,0,62:14,88,8,10,1144,18:29,16:55,01:26,00:06,Jamie Oleksiak
1164:29,13,16,40,131,69,103,4,5,97:10,1011:02,40,45.1,12.2,5,0,1,2,56:17,26,13,29,1561,16:52,14:39,00:48,01:24,Yanni Gourde
73:38,0,0,4,3,6,9,0,0,00:21,73:17,4,0.0,0,0,0,0,00:00,10,0,0,108,12:16,12:12,00:00,00:03,Connor Carrick
166:00,0,0,2,6,12,12,0,0,00:37,157:11,2,0.0,0,0,0,0,08:12,15,-7,0,232,13:50,13:05,00:41,00:03,Carson Soucy
465:47,5,5,4,29,28,20,1,1,36:43,386:35,4,42.5,17.2,0,0,0,0,42:29,24,0,10,626,16:38,13:48,01:31,01:18,Alex Wennberg
199:33,0,2,8,16,17,16,0,0,00:34,179:23,8,12.5,0,0,0,0,19:36,23,5,2,287,11:44,10:33,01:09,00:02,Haydn Fleury
171:33,3,0,4,23,12,22,0,1,20:02,148:06,4,50.0,0.0,0,0,0,0,03:25,6,1,3,249,14:17,12:20,00:17,01:40,Jared McCann
450:31,9,2,16,45,29,25,0,3,48:57,399:40,16,4.4,0,0,0,0,01:54,26,-7,11,662,15:32,13:46,00:03,01:41,Vince Dunn
221:26,0,0,20,10,13,44,0,0,00:11,197:45,20,0.0,0,0,0,0,23:30,19,-6,0,306,17:02,15:12,01:48,00:00,Jeremy Lauzon
142:28,2,1,2,15,9,14,0,0,07:58,130:04,2,0.0,6.7,0,0,0,0,04:26,0,5,3,197,15:49,14:27,00:29,00:53,Mason Appleton
428:58,4,6,11,57,32,119,0,0,01:30,370:18,11,0.0,10.5,2,0,0,0,57:10,32,-8,10,681,13:24,11:34,01:47,00:02,Brandon Tanev
107:41,1,0,0,8,11,14,0,0,17:09,89:56,0,45.8,0.0,0,0,0,0,00:36,3,-1,1,147,09:47,08:10,00:03,01:33,Morgan Geekie
